"","GISJOIN","YEAR","STATE","COUNTY","state_county","total_his","Mexican","total_pop"
"1","G17003100101",1980,"Illinois","Cook","17031",1698,1472,6309
"2","G17003100102",1980,"Illinois","Cook","17031",935,642,8087
"3","G17003100103",1980,"Illinois","Cook","17031",618,401,6470
"4","G17003100104",1980,"Illinois","Cook","17031",213,86,4856
"5","G17003100105",1980,"Illinois","Cook","17031",601,246,9747
"6","G17003100106",1980,"Illinois","Cook","17031",699,315,6620
"7","G17003100107",1980,"Illinois","Cook","17031",1140,629,8471
"8","G17003100108",1980,"Illinois","Cook","17031",561,273,3742
"9","G17003100109",1980,"Illinois","Cook","17031",156,7,1223
"10","G17003100201",1980,"Illinois","Cook","17031",107,53,3182
"11","G17003100202",1980,"Illinois","Cook","17031",186,29,5842
"12","G17003100203",1980,"Illinois","Cook","17031",158,19,8426
"13","G17003100204",1980,"Illinois","Cook","17031",146,34,3943
"14","G17003100205",1980,"Illinois","Cook","17031",233,63,4938
"15","G17003100206",1980,"Illinois","Cook","17031",240,40,8785
"16","G17003100207",1980,"Illinois","Cook","17031",232,28,7521
"17","G17003100208",1980,"Illinois","Cook","17031",489,120,10640
"18","G17003100209",1980,"Illinois","Cook","17031",475,98,7852
"19","G17003100301",1980,"Illinois","Cook","17031",709,241,11978
"20","G17003100302",1980,"Illinois","Cook","17031",519,129,6449
"21","G17003100303",1980,"Illinois","Cook","17031",306,76,3062
"22","G17003100304",1980,"Illinois","Cook","17031",529,124,2629
"23","G17003100305",1980,"Illinois","Cook","17031",2036,697,7546
"24","G17003100306",1980,"Illinois","Cook","17031",1028,634,9001
"25","G17003100307",1980,"Illinois","Cook","17031",1169,630,8718
"26","G17003100308",1980,"Illinois","Cook","17031",831,230,5534
"27","G17003100309",1980,"Illinois","Cook","17031",678,183,3644
"28","G17003100310",1980,"Illinois","Cook","17031",1542,631,4906
"29","G17003100311",1980,"Illinois","Cook","17031",1707,585,5863
"30","G17003100312",1980,"Illinois","Cook","17031",1029,597,5558
"31","G17003100313",1980,"Illinois","Cook","17031",424,168,7283
"32","G17003100314",1980,"Illinois","Cook","17031",210,50,5043
"33","G17003100315",1980,"Illinois","Cook","17031",1662,898,9567
"34","G17003100316",1980,"Illinois","Cook","17031",444,254,3031
"35","G17003100317",1980,"Illinois","Cook","17031",2132,1201,8644
"36","G17003100318",1980,"Illinois","Cook","17031",925,487,2276
"37","G17003100319",1980,"Illinois","Cook","17031",1270,620,3135
"38","G17003100320",1980,"Illinois","Cook","17031",392,235,1123
"39","G17003100321",1980,"Illinois","Cook","17031",3247,2116,7985
"40","G17003100401",1980,"Illinois","Cook","17031",367,111,4168
"41","G17003100402",1980,"Illinois","Cook","17031",890,254,13786
"42","G17003100403",1980,"Illinois","Cook","17031",100,19,3113
"43","G17003100404",1980,"Illinois","Cook","17031",1303,400,8539
"44","G17003100405",1980,"Illinois","Cook","17031",208,82,1166
"45","G17003100406",1980,"Illinois","Cook","17031",376,127,2988
"46","G17003100407",1980,"Illinois","Cook","17031",672,236,4199
"47","G17003100408",1980,"Illinois","Cook","17031",162,52,1811
"48","G17003100409",1980,"Illinois","Cook","17031",343,139,2368
"49","G17003100410",1980,"Illinois","Cook","17031",552,234,1816
"50","G17003100501",1980,"Illinois","Cook","17031",455,128,2765
"51","G17003100502",1980,"Illinois","Cook","17031",693,259,5272
"52","G17003100503",1980,"Illinois","Cook","17031",272,110,2542
"53","G17003100504",1980,"Illinois","Cook","17031",58,28,627
"54","G17003100505",1980,"Illinois","Cook","17031",528,189,5647
"55","G17003100506",1980,"Illinois","Cook","17031",300,115,2066
"56","G17003100507",1980,"Illinois","Cook","17031",302,158,1410
"57","G17003100508",1980,"Illinois","Cook","17031",261,113,1529
"58","G17003100509",1980,"Illinois","Cook","17031",367,148,1668
"59","G17003100510",1980,"Illinois","Cook","17031",388,159,1511
"60","G17003100511",1980,"Illinois","Cook","17031",430,138,1666
"61","G17003100512",1980,"Illinois","Cook","17031",542,297,1935
"62","G17003100513",1980,"Illinois","Cook","17031",547,241,2180
"63","G17003100514",1980,"Illinois","Cook","17031",1118,316,2896
"64","G17003100515",1980,"Illinois","Cook","17031",423,189,1447
"65","G17003100601",1980,"Illinois","Cook","17031",1288,591,3314
"66","G17003100602",1980,"Illinois","Cook","17031",687,285,2467
"67","G17003100603",1980,"Illinois","Cook","17031",743,332,3231
"68","G17003100604",1980,"Illinois","Cook","17031",1010,365,3438
"69","G17003100605",1980,"Illinois","Cook","17031",358,105,1343
"70","G17003100606",1980,"Illinois","Cook","17031",126,58,790
"71","G17003100607",1980,"Illinois","Cook","17031",877,364,2597
"72","G17003100608",1980,"Illinois","Cook","17031",383,191,5225
"73","G17003100609",1980,"Illinois","Cook","17031",370,124,6311
"74","G17003100610",1980,"Illinois","Cook","17031",650,199,2089
"75","G17003100611",1980,"Illinois","Cook","17031",414,153,1336
"76","G17003100612",1980,"Illinois","Cook","17031",680,222,2174
"77","G17003100613",1980,"Illinois","Cook","17031",401,144,1464
"78","G17003100614",1980,"Illinois","Cook","17031",318,120,1553
"79","G17003100615",1980,"Illinois","Cook","17031",537,177,2042
"80","G17003100616",1980,"Illinois","Cook","17031",161,74,462
"81","G17003100617",1980,"Illinois","Cook","17031",515,242,1238
"82","G17003100618",1980,"Illinois","Cook","17031",118,66,1327
"83","G17003100619",1980,"Illinois","Cook","17031",366,135,7756
"84","G17003100620",1980,"Illinois","Cook","17031",196,76,2623
"85","G17003100621",1980,"Illinois","Cook","17031",1034,359,3332
"86","G17003100622",1980,"Illinois","Cook","17031",793,319,2569
"87","G17003100623",1980,"Illinois","Cook","17031",542,380,1488
"88","G17003100624",1980,"Illinois","Cook","17031",406,200,1445
"89","G17003100625",1980,"Illinois","Cook","17031",338,158,1471
"90","G17003100626",1980,"Illinois","Cook","17031",293,169,1313
"91","G17003100627",1980,"Illinois","Cook","17031",785,447,2761
"92","G17003100628",1980,"Illinois","Cook","17031",1027,640,3118
"93","G17003100629",1980,"Illinois","Cook","17031",1237,674,3905
"94","G17003100630",1980,"Illinois","Cook","17031",739,281,3328
"95","G17003100631",1980,"Illinois","Cook","17031",251,144,2029
"96","G17003100632",1980,"Illinois","Cook","17031",247,82,7910
"97","G17003100633",1980,"Illinois","Cook","17031",205,85,8001
"98","G17003100634",1980,"Illinois","Cook","17031",238,118,2069
"99","G17003100701",1980,"Illinois","Cook","17031",329,129,8230
"100","G17003100702",1980,"Illinois","Cook","17031",177,98,3765
"101","G17003100703",1980,"Illinois","Cook","17031",497,269,2988
"102","G17003100704",1980,"Illinois","Cook","17031",192,77,2812
"103","G17003100705",1980,"Illinois","Cook","17031",337,182,2148
"104","G17003100706",1980,"Illinois","Cook","17031",798,532,2097
"105","G17003100707",1980,"Illinois","Cook","17031",943,336,2927
"106","G17003100708",1980,"Illinois","Cook","17031",396,274,1136
"107","G17003100709",1980,"Illinois","Cook","17031",218,171,1120
"108","G17003100710",1980,"Illinois","Cook","17031",385,201,3025
"109","G17003100711",1980,"Illinois","Cook","17031",269,111,3030
"110","G17003100712",1980,"Illinois","Cook","17031",91,41,1907
"111","G17003100713",1980,"Illinois","Cook","17031",132,64,3667
"112","G17003100714",1980,"Illinois","Cook","17031",121,58,4532
"113","G17003100715",1980,"Illinois","Cook","17031",191,81,5530
"114","G17003100716",1980,"Illinois","Cook","17031",93,58,1595
"115","G17003100717",1980,"Illinois","Cook","17031",101,57,1370
"116","G17003100718",1980,"Illinois","Cook","17031",320,91,2332
"117","G17003100719",1980,"Illinois","Cook","17031",293,85,2325
"118","G17003100720",1980,"Illinois","Cook","17031",108,48,610
"119","G17003100801",1980,"Illinois","Cook","17031",141,47,7544
"120","G17003100802",1980,"Illinois","Cook","17031",119,56,7187
"121","G17003100803",1980,"Illinois","Cook","17031",207,121,2408
"122","G17003100804",1980,"Illinois","Cook","17031",120,38,4659
"123","G17003100805",1980,"Illinois","Cook","17031",81,25,4346
"124","G17003100806",1980,"Illinois","Cook","17031",0,0,9
"125","G17003100807",1980,"Illinois","Cook","17031",0,0,124
"126","G17003100808",1980,"Illinois","Cook","17031",44,24,6663
"127","G17003100809",1980,"Illinois","Cook","17031",7,2,840
"128","G17003100810",1980,"Illinois","Cook","17031",140,79,4632
"129","G17003100811",1980,"Illinois","Cook","17031",177,141,2458
"130","G17003100812",1980,"Illinois","Cook","17031",212,127,7234
"131","G17003100813",1980,"Illinois","Cook","17031",128,47,6716
"132","G17003100814",1980,"Illinois","Cook","17031",122,55,5091
"133","G17003100815",1980,"Illinois","Cook","17031",145,100,2025
"134","G17003100816",1980,"Illinois","Cook","17031",23,22,1350
"135","G17003100817",1980,"Illinois","Cook","17031",218,163,1158
"136","G17003100818",1980,"Illinois","Cook","17031",47,37,834
"137","G17003100819",1980,"Illinois","Cook","17031",13,5,1889
"138","G17003100901",1980,"Illinois","Cook","17031",20,12,4007
"139","G17003100902",1980,"Illinois","Cook","17031",82,45,6964
"140","G17003100903",1980,"Illinois","Cook","17031",18,12,1486
"141","G17003101001",1980,"Illinois","Cook","17031",41,16,5721
"142","G17003101002",1980,"Illinois","Cook","17031",60,14,7112
"143","G17003101003",1980,"Illinois","Cook","17031",80,37,6794
"144","G17003101004",1980,"Illinois","Cook","17031",29,14,3461
"145","G17003101005",1980,"Illinois","Cook","17031",77,31,6781
"146","G17003101006",1980,"Illinois","Cook","17031",48,28,5178
"147","G17003101007",1980,"Illinois","Cook","17031",55,16,5412
"148","G17003101101",1980,"Illinois","Cook","17031",58,23,5205
"149","G17003101102",1980,"Illinois","Cook","17031",30,10,2560
"150","G17003101103",1980,"Illinois","Cook","17031",84,37,5060
"151","G17003101104",1980,"Illinois","Cook","17031",36,18,4089
"152","G17003101105",1980,"Illinois","Cook","17031",187,81,7669
"153","G17003101201",1980,"Illinois","Cook","17031",38,7,4524
"154","G17003101202",1980,"Illinois","Cook","17031",68,23,4871
"155","G17003101203",1980,"Illinois","Cook","17031",120,39,6274
"156","G17003101204",1980,"Illinois","Cook","17031",69,26,3322
"157","G17003101301",1980,"Illinois","Cook","17031",180,25,3859
"158","G17003101302",1980,"Illinois","Cook","17031",20,9,797
"159","G17003101303",1980,"Illinois","Cook","17031",160,48,4521
"160","G17003101304",1980,"Illinois","Cook","17031",8,6,81
"161","G17003101305",1980,"Illinois","Cook","17031",478,115,6015
"162","G17003101401",1980,"Illinois","Cook","17031",1130,480,4096
"163","G17003101402",1980,"Illinois","Cook","17031",1130,351,5499
"164","G17003101403",1980,"Illinois","Cook","17031",1032,276,6352
"165","G17003101404",1980,"Illinois","Cook","17031",189,60,5467
"166","G17003101405",1980,"Illinois","Cook","17031",206,73,2946
"167","G17003101406",1980,"Illinois","Cook","17031",1235,479,6904
"168","G17003101407",1980,"Illinois","Cook","17031",2151,765,7640
"169","G17003101408",1980,"Illinois","Cook","17031",2001,766,7171
"170","G17003101501",1980,"Illinois","Cook","17031",16,10,302
"171","G17003101502",1980,"Illinois","Cook","17031",250,124,7055
"172","G17003101503",1980,"Illinois","Cook","17031",124,57,7067
"173","G17003101504",1980,"Illinois","Cook","17031",110,45,8120
"174","G17003101505",1980,"Illinois","Cook","17031",159,79,7218
"175","G17003101506",1980,"Illinois","Cook","17031",88,53,3815
"176","G17003101507",1980,"Illinois","Cook","17031",54,40,4135
"177","G17003101508",1980,"Illinois","Cook","17031",146,55,4375
"178","G17003101509",1980,"Illinois","Cook","17031",160,120,1549
"179","G17003101510",1980,"Illinois","Cook","17031",272,90,6267
"180","G17003101511",1980,"Illinois","Cook","17031",56,21,4134
"181","G17003101512",1980,"Illinois","Cook","17031",51,26,3312
"182","G17003101601",1980,"Illinois","Cook","17031",75,32,2270
"183","G17003101602",1980,"Illinois","Cook","17031",156,57,3455
"184","G17003101603",1980,"Illinois","Cook","17031",219,65,3739
"185","G17003101604",1980,"Illinois","Cook","17031",403,159,4526
"186","G17003101605",1980,"Illinois","Cook","17031",852,366,6269
"187","G17003101606",1980,"Illinois","Cook","17031",915,380,6613
"188","G17003101607",1980,"Illinois","Cook","17031",527,161,5327
"189","G17003101608",1980,"Illinois","Cook","17031",406,177,4436
"190","G17003101609",1980,"Illinois","Cook","17031",170,67,2771
"191","G17003101610",1980,"Illinois","Cook","17031",115,69,2142
"192","G17003101611",1980,"Illinois","Cook","17031",69,35,2100
"193","G17003101612",1980,"Illinois","Cook","17031",144,59,2167
"194","G17003101613",1980,"Illinois","Cook","17031",216,119,3674
"195","G17003101701",1980,"Illinois","Cook","17031",26,5,509
"196","G17003101702",1980,"Illinois","Cook","17031",46,22,3500
"197","G17003101703",1980,"Illinois","Cook","17031",77,34,4691
"198","G17003101704",1980,"Illinois","Cook","17031",59,24,3853
"199","G17003101705",1980,"Illinois","Cook","17031",66,29,4893
"200","G17003101706",1980,"Illinois","Cook","17031",38,26,2605
"201","G17003101707",1980,"Illinois","Cook","17031",61,17,3075
"202","G17003101708",1980,"Illinois","Cook","17031",35,14,3467
"203","G17003101709",1980,"Illinois","Cook","17031",22,9,1517
"204","G17003101710",1980,"Illinois","Cook","17031",120,68,6352
"205","G17003101711",1980,"Illinois","Cook","17031",63,27,3398
"206","G17003101801",1980,"Illinois","Cook","17031",61,28,5139
"207","G17003101802",1980,"Illinois","Cook","17031",85,41,4853
"208","G17003101803",1980,"Illinois","Cook","17031",33,9,801
"209","G17003101901",1980,"Illinois","Cook","17031",195,93,1757
"210","G17003101902",1980,"Illinois","Cook","17031",234,79,4315
"211","G17003101903",1980,"Illinois","Cook","17031",75,40,4209
"212","G17003101904",1980,"Illinois","Cook","17031",146,71,7276
"213","G17003101905",1980,"Illinois","Cook","17031",17,1,1722
"214","G17003101906",1980,"Illinois","Cook","17031",208,94,6631
"215","G17003101907",1980,"Illinois","Cook","17031",143,40,5010
"216","G17003101908",1980,"Illinois","Cook","17031",194,72,4520
"217","G17003101909",1980,"Illinois","Cook","17031",216,78,1488
"218","G17003101910",1980,"Illinois","Cook","17031",272,90,1630
"219","G17003101911",1980,"Illinois","Cook","17031",720,277,5009
"220","G17003101912",1980,"Illinois","Cook","17031",131,73,2290
"221","G17003101913",1980,"Illinois","Cook","17031",491,288,6811
"222","G17003101914",1980,"Illinois","Cook","17031",30,25,703
"223","G17003102001",1980,"Illinois","Cook","17031",216,66,3154
"224","G17003102002",1980,"Illinois","Cook","17031",787,245,4074
"225","G17003102003",1980,"Illinois","Cook","17031",406,148,1621
"226","G17003102004",1980,"Illinois","Cook","17031",2652,867,6493
"227","G17003102005",1980,"Illinois","Cook","17031",1615,562,3448
"228","G17003102006",1980,"Illinois","Cook","17031",425,123,757
"229","G17003102101",1980,"Illinois","Cook","17031",574,255,3154
"230","G17003102102",1980,"Illinois","Cook","17031",78,38,990
"231","G17003102103",1980,"Illinois","Cook","17031",296,104,5196
"232","G17003102104",1980,"Illinois","Cook","17031",162,57,2098
"233","G17003102105",1980,"Illinois","Cook","17031",371,168,6256
"234","G17003102106",1980,"Illinois","Cook","17031",1837,702,6966
"235","G17003102107",1980,"Illinois","Cook","17031",1917,686,4687
"236","G17003102108",1980,"Illinois","Cook","17031",574,181,1318
"237","G17003102109",1980,"Illinois","Cook","17031",1054,330,2862
"238","G17003102201",1980,"Illinois","Cook","17031",339,104,609
"239","G17003102202",1980,"Illinois","Cook","17031",1080,463,2147
"240","G17003102203",1980,"Illinois","Cook","17031",1347,485,3025
"241","G17003102204",1980,"Illinois","Cook","17031",1260,447,3218
"242","G17003102205",1980,"Illinois","Cook","17031",1979,668,3757
"243","G17003102206",1980,"Illinois","Cook","17031",4408,1722,9345
"244","G17003102207",1980,"Illinois","Cook","17031",1772,544,7128
"245","G17003102208",1980,"Illinois","Cook","17031",20,7,85
"246","G17003102209",1980,"Illinois","Cook","17031",2904,855,6261
"247","G17003102210",1980,"Illinois","Cook","17031",2074,586,3233
"248","G17003102211",1980,"Illinois","Cook","17031",3293,959,5745
"249","G17003102212",1980,"Illinois","Cook","17031",2454,587,3404
"250","G17003102213",1980,"Illinois","Cook","17031",2695,939,4184
"251","G17003102214",1980,"Illinois","Cook","17031",2091,918,3238
"252","G17003102215",1980,"Illinois","Cook","17031",1874,847,3335
"253","G17003102216",1980,"Illinois","Cook","17031",1744,674,3866
"254","G17003102217",1980,"Illinois","Cook","17031",1557,673,3225
"255","G17003102218",1980,"Illinois","Cook","17031",775,427,1418
"256","G17003102219",1980,"Illinois","Cook","17031",137,81,692
"257","G17003102220",1980,"Illinois","Cook","17031",611,312,1629
"258","G17003102221",1980,"Illinois","Cook","17031",583,271,1014
"259","G17003102222",1980,"Illinois","Cook","17031",1264,428,2190
"260","G17003102223",1980,"Illinois","Cook","17031",511,206,1131
"261","G17003102224",1980,"Illinois","Cook","17031",1298,465,2008
"262","G17003102225",1980,"Illinois","Cook","17031",1454,335,2007
"263","G17003102226",1980,"Illinois","Cook","17031",1599,281,2553
"264","G17003102227",1980,"Illinois","Cook","17031",1461,337,2172
"265","G17003102228",1980,"Illinois","Cook","17031",564,204,934
"266","G17003102229",1980,"Illinois","Cook","17031",681,136,1215
"267","G17003102301",1980,"Illinois","Cook","17031",1361,324,2080
"268","G17003102302",1980,"Illinois","Cook","17031",1855,712,2523
"269","G17003102303",1980,"Illinois","Cook","17031",895,475,1236
"270","G17003102304",1980,"Illinois","Cook","17031",1598,383,2658
"271","G17003102305",1980,"Illinois","Cook","17031",1984,961,3137
"272","G17003102306",1980,"Illinois","Cook","17031",3719,1105,7191
"273","G17003102307",1980,"Illinois","Cook","17031",4082,1194,6606
"274","G17003102308",1980,"Illinois","Cook","17031",854,284,1353
"275","G17003102309",1980,"Illinois","Cook","17031",4746,785,6797
"276","G17003102310",1980,"Illinois","Cook","17031",1846,614,3995
"277","G17003102311",1980,"Illinois","Cook","17031",364,147,1897
"278","G17003102312",1980,"Illinois","Cook","17031",3089,1040,9126
"279","G17003102313",1980,"Illinois","Cook","17031",1960,705,6547
"280","G17003102314",1980,"Illinois","Cook","17031",0,0,13
"281","G17003102315",1980,"Illinois","Cook","17031",136,97,11173
"282","G17003102316",1980,"Illinois","Cook","17031",19,9,2635
"283","G17003102317",1980,"Illinois","Cook","17031",13,0,1476
"284","G17003102318",1980,"Illinois","Cook","17031",351,41,436
"285","G17003102401",1980,"Illinois","Cook","17031",131,56,208
"286","G17003102402",1980,"Illinois","Cook","17031",946,655,1478
"287","G17003102403",1980,"Illinois","Cook","17031",874,541,1773
"288","G17003102404",1980,"Illinois","Cook","17031",208,102,435
"289","G17003102405",1980,"Illinois","Cook","17031",864,217,1253
"290","G17003102406",1980,"Illinois","Cook","17031",926,326,1443
"291","G17003102407",1980,"Illinois","Cook","17031",1191,350,1719
"292","G17003102408",1980,"Illinois","Cook","17031",1498,319,2104
"293","G17003102409",1980,"Illinois","Cook","17031",1488,201,2513
"294","G17003102410",1980,"Illinois","Cook","17031",1581,356,2538
"295","G17003102411",1980,"Illinois","Cook","17031",3345,718,4802
"296","G17003102412",1980,"Illinois","Cook","17031",1543,274,2463
"297","G17003102413",1980,"Illinois","Cook","17031",755,120,1954
"298","G17003102414",1980,"Illinois","Cook","17031",2509,874,4551
"299","G17003102415",1980,"Illinois","Cook","17031",2625,1337,3792
"300","G17003102416",1980,"Illinois","Cook","17031",3258,2561,4960
"301","G17003102417",1980,"Illinois","Cook","17031",72,51,315
"302","G17003102418",1980,"Illinois","Cook","17031",163,104,666
"303","G17003102419",1980,"Illinois","Cook","17031",331,167,1291
"304","G17003102420",1980,"Illinois","Cook","17031",2678,1727,4984
"305","G17003102421",1980,"Illinois","Cook","17031",1955,1179,3865
"306","G17003102422",1980,"Illinois","Cook","17031",2239,987,4280
"307","G17003102423",1980,"Illinois","Cook","17031",1603,440,4091
"308","G17003102424",1980,"Illinois","Cook","17031",824,238,3804
"309","G17003102425",1980,"Illinois","Cook","17031",2139,512,3763
"310","G17003102426",1980,"Illinois","Cook","17031",5312,1146,7281
"311","G17003102427",1980,"Illinois","Cook","17031",1645,378,2686
"312","G17003102428",1980,"Illinois","Cook","17031",365,183,1623
"313","G17003102429",1980,"Illinois","Cook","17031",1034,630,2293
"314","G17003102430",1980,"Illinois","Cook","17031",1577,870,2973
"315","G17003102431",1980,"Illinois","Cook","17031",1654,813,2766
"316","G17003102432",1980,"Illinois","Cook","17031",1848,1143,2771
"317","G17003102433",1980,"Illinois","Cook","17031",1785,1122,3052
"318","G17003102434",1980,"Illinois","Cook","17031",2742,2014,3734
"319","G17003102435",1980,"Illinois","Cook","17031",913,718,1934
"320","G17003102436",1980,"Illinois","Cook","17031",72,48,270
"321","G17003102501",1980,"Illinois","Cook","17031",170,74,429
"322","G17003102502",1980,"Illinois","Cook","17031",750,245,2600
"323","G17003102503",1980,"Illinois","Cook","17031",1339,605,4283
"324","G17003102504",1980,"Illinois","Cook","17031",1122,656,5753
"325","G17003102505",1980,"Illinois","Cook","17031",110,62,7548
"326","G17003102506",1980,"Illinois","Cook","17031",807,308,5062
"327","G17003102507",1980,"Illinois","Cook","17031",1170,408,7334
"328","G17003102508",1980,"Illinois","Cook","17031",485,147,3190
"329","G17003102509",1980,"Illinois","Cook","17031",296,133,917
"330","G17003102510",1980,"Illinois","Cook","17031",58,38,1700
"331","G17003102511",1980,"Illinois","Cook","17031",196,111,6358
"332","G17003102512",1980,"Illinois","Cook","17031",192,56,5268
"333","G17003102513",1980,"Illinois","Cook","17031",397,188,6770
"334","G17003102514",1980,"Illinois","Cook","17031",133,113,6722
"335","G17003102515",1980,"Illinois","Cook","17031",70,35,7463
"336","G17003102516",1980,"Illinois","Cook","17031",56,43,6102
"337","G17003102517",1980,"Illinois","Cook","17031",249,213,2888
"338","G17003102518",1980,"Illinois","Cook","17031",122,99,9144
"339","G17003102519",1980,"Illinois","Cook","17031",152,94,10437
"340","G17003102520",1980,"Illinois","Cook","17031",58,35,9122
"341","G17003102521",1980,"Illinois","Cook","17031",31,18,12974
"342","G17003102522",1980,"Illinois","Cook","17031",48,28,12073
"343","G17003102523",1980,"Illinois","Cook","17031",26,26,1376
"344","G17003102524",1980,"Illinois","Cook","17031",111,89,2513
"345","G17003102601",1980,"Illinois","Cook","17031",16,13,1950
"346","G17003102602",1980,"Illinois","Cook","17031",26,18,2056
"347","G17003102603",1980,"Illinois","Cook","17031",44,40,3011
"348","G17003102604",1980,"Illinois","Cook","17031",18,6,2888
"349","G17003102605",1980,"Illinois","Cook","17031",28,24,3558
"350","G17003102606",1980,"Illinois","Cook","17031",50,30,4503
"351","G17003102607",1980,"Illinois","Cook","17031",23,8,4013
"352","G17003102608",1980,"Illinois","Cook","17031",30,18,4618
"353","G17003102609",1980,"Illinois","Cook","17031",25,14,2896
"354","G17003102610",1980,"Illinois","Cook","17031",18,7,4372
"355","G17003102701",1980,"Illinois","Cook","17031",13,12,508
"356","G17003102702",1980,"Illinois","Cook","17031",7,2,2127
"357","G17003102703",1980,"Illinois","Cook","17031",17,17,1950
"358","G17003102704",1980,"Illinois","Cook","17031",7,5,1592
"359","G17003102705",1980,"Illinois","Cook","17031",4,3,1951
"360","G17003102706",1980,"Illinois","Cook","17031",2,1,1085
"361","G17003102707",1980,"Illinois","Cook","17031",8,8,969
"362","G17003102708",1980,"Illinois","Cook","17031",1,1,905
"363","G17003102709",1980,"Illinois","Cook","17031",3,0,562
"364","G17003102710",1980,"Illinois","Cook","17031",3,0,1707
"365","G17003102711",1980,"Illinois","Cook","17031",12,10,2552
"366","G17003102712",1980,"Illinois","Cook","17031",18,8,1850
"367","G17003102713",1980,"Illinois","Cook","17031",59,59,2346
"368","G17003102714",1980,"Illinois","Cook","17031",28,27,3925
"369","G17003102715",1980,"Illinois","Cook","17031",4,4,1542
"370","G17003102716",1980,"Illinois","Cook","17031",17,17,1396
"371","G17003102717",1980,"Illinois","Cook","17031",17,16,1818
"372","G17003102718",1980,"Illinois","Cook","17031",41,35,1788
"373","G17003102719",1980,"Illinois","Cook","17031",2,0,1007
"374","G17003102801",1980,"Illinois","Cook","17031",0,0,174
"375","G17003102802",1980,"Illinois","Cook","17031",36,32,193
"376","G17003102803",1980,"Illinois","Cook","17031",17,14,342
"377","G17003102804",1980,"Illinois","Cook","17031",19,14,4347
"378","G17003102805",1980,"Illinois","Cook","17031",65,42,4621
"379","G17003102806",1980,"Illinois","Cook","17031",0,0,183
"380","G17003102807",1980,"Illinois","Cook","17031",4,4,512
"381","G17003102808",1980,"Illinois","Cook","17031",50,36,5924
"382","G17003102809",1980,"Illinois","Cook","17031",11,6,1151
"383","G17003102810",1980,"Illinois","Cook","17031",0,0,145
"384","G17003102811",1980,"Illinois","Cook","17031",0,0,384
"385","G17003102812",1980,"Illinois","Cook","17031",19,5,945
"386","G17003102813",1980,"Illinois","Cook","17031",14,9,1167
"387","G17003102814",1980,"Illinois","Cook","17031",17,15,574
"388","G17003102815",1980,"Illinois","Cook","17031",0,0,1295
"389","G17003102816",1980,"Illinois","Cook","17031",35,19,1338
"390","G17003102817",1980,"Illinois","Cook","17031",106,81,772
"391","G17003102818",1980,"Illinois","Cook","17031",103,72,580
"392","G17003102819",1980,"Illinois","Cook","17031",44,34,449
"393","G17003102820",1980,"Illinois","Cook","17031",0,0,5
"394","G17003102821",1980,"Illinois","Cook","17031",0,0,0
"395","G17003102822",1980,"Illinois","Cook","17031",271,226,1480
"396","G17003102823",1980,"Illinois","Cook","17031",156,127,876
"397","G17003102824",1980,"Illinois","Cook","17031",224,199,1415
"398","G17003102825",1980,"Illinois","Cook","17031",43,3,784
"399","G17003102826",1980,"Illinois","Cook","17031",118,112,214
"400","G17003102827",1980,"Illinois","Cook","17031",1138,891,2257
"401","G17003102828",1980,"Illinois","Cook","17031",1300,1126,1988
"402","G17003102829",1980,"Illinois","Cook","17031",636,536,2058
"403","G17003102830",1980,"Illinois","Cook","17031",355,336,851
"404","G17003102831",1980,"Illinois","Cook","17031",327,302,1845
"405","G17003102832",1980,"Illinois","Cook","17031",209,196,3210
"406","G17003102833",1980,"Illinois","Cook","17031",191,181,479
"407","G17003102834",1980,"Illinois","Cook","17031",0,0,4
"408","G17003102835",1980,"Illinois","Cook","17031",0,0,0
"409","G17003102836",1980,"Illinois","Cook","17031",22,16,62
"410","G17003102837",1980,"Illinois","Cook","17031",40,39,219
"411","G17003102838",1980,"Illinois","Cook","17031",21,20,3090
"412","G17003102839",1980,"Illinois","Cook","17031",64,53,7925
"413","G17003102840",1980,"Illinois","Cook","17031",5,5,1457
"414","G17003102841",1980,"Illinois","Cook","17031",18,17,967
"415","G17003102842",1980,"Illinois","Cook","17031",12,12,962
"416","G17003102843",1980,"Illinois","Cook","17031",15,14,61
"417","G17003102901",1980,"Illinois","Cook","17031",0,0,11
"418","G17003102902",1980,"Illinois","Cook","17031",5,0,1695
"419","G17003102903",1980,"Illinois","Cook","17031",1,1,682
"420","G17003102904",1980,"Illinois","Cook","17031",0,0,0
"421","G17003102905",1980,"Illinois","Cook","17031",0,0,1340
"422","G17003102906",1980,"Illinois","Cook","17031",7,6,646
"423","G17003102907",1980,"Illinois","Cook","17031",18,16,1260
"424","G17003102908",1980,"Illinois","Cook","17031",7,7,1227
"425","G17003102909",1980,"Illinois","Cook","17031",67,57,7628
"426","G17003102910",1980,"Illinois","Cook","17031",7,7,2040
"427","G17003102911",1980,"Illinois","Cook","17031",35,29,6491
"428","G17003102912",1980,"Illinois","Cook","17031",37,22,3921
"429","G17003102913",1980,"Illinois","Cook","17031",25,18,4375
"430","G17003102914",1980,"Illinois","Cook","17031",33,11,2515
"431","G17003102915",1980,"Illinois","Cook","17031",368,332,3413
"432","G17003102916",1980,"Illinois","Cook","17031",845,765,1187
"433","G17003102917",1980,"Illinois","Cook","17031",4,4,973
"434","G17003102918",1980,"Illinois","Cook","17031",19,11,888
"435","G17003102919",1980,"Illinois","Cook","17031",0,0,631
"436","G17003102920",1980,"Illinois","Cook","17031",4,0,1174
"437","G17003102921",1980,"Illinois","Cook","17031",21,15,1081
"438","G17003102922",1980,"Illinois","Cook","17031",37,29,4551
"439","G17003102923",1980,"Illinois","Cook","17031",1,1,1243
"440","G17003102924",1980,"Illinois","Cook","17031",31,27,3963
"441","G17003102925",1980,"Illinois","Cook","17031",75,48,6478
"442","G17003102926",1980,"Illinois","Cook","17031",6,5,2121
"443","G17003102927",1980,"Illinois","Cook","17031",0,0,0
"444","G17003103001",1980,"Illinois","Cook","17031",1986,1869,2347
"445","G17003103002",1980,"Illinois","Cook","17031",1086,1014,1225
"446","G17003103003",1980,"Illinois","Cook","17031",890,780,1905
"447","G17003103004",1980,"Illinois","Cook","17031",0,0,558
"448","G17003103005",1980,"Illinois","Cook","17031",2763,2521,3636
"449","G17003103006",1980,"Illinois","Cook","17031",2343,2139,3354
"450","G17003103007",1980,"Illinois","Cook","17031",4850,4475,5443
"451","G17003103008",1980,"Illinois","Cook","17031",4584,4234,5083
"452","G17003103009",1980,"Illinois","Cook","17031",4774,4400,5507
"453","G17003103010",1980,"Illinois","Cook","17031",1326,1249,1490
"454","G17003103011",1980,"Illinois","Cook","17031",2197,2005,2653
"455","G17003103012",1980,"Illinois","Cook","17031",3322,3019,4440
"456","G17003103013",1980,"Illinois","Cook","17031",549,300,4763
"457","G17003103014",1980,"Illinois","Cook","17031",795,746,967
"458","G17003103015",1980,"Illinois","Cook","17031",2946,2797,3501
"459","G17003103016",1980,"Illinois","Cook","17031",3941,3682,4811
"460","G17003103017",1980,"Illinois","Cook","17031",5889,5559,7657
"461","G17003103018",1980,"Illinois","Cook","17031",8971,8166,12103
"462","G17003103019",1980,"Illinois","Cook","17031",992,894,1439
"463","G17003103020",1980,"Illinois","Cook","17031",1496,1359,2322
"464","G17003103101",1980,"Illinois","Cook","17031",323,282,411
"465","G17003103102",1980,"Illinois","Cook","17031",1510,1468,2027
"466","G17003103103",1980,"Illinois","Cook","17031",1896,1793,2244
"467","G17003103104",1980,"Illinois","Cook","17031",1682,1541,1936
"468","G17003103105",1980,"Illinois","Cook","17031",1895,1801,2099
"469","G17003103106",1980,"Illinois","Cook","17031",7348,6814,8207
"470","G17003103107",1980,"Illinois","Cook","17031",2152,1924,2388
"471","G17003103108",1980,"Illinois","Cook","17031",4953,4373,5927
"472","G17003103109",1980,"Illinois","Cook","17031",4365,4067,5859
"473","G17003103110",1980,"Illinois","Cook","17031",4826,4506,6423
"474","G17003103111",1980,"Illinois","Cook","17031",36,36,49
"475","G17003103112",1980,"Illinois","Cook","17031",104,103,238
"476","G17003103113",1980,"Illinois","Cook","17031",1967,1806,4254
"477","G17003103114",1980,"Illinois","Cook","17031",1803,1659,2803
"478","G17003103115",1980,"Illinois","Cook","17031",7,5,86
"479","G17003103201",1980,"Illinois","Cook","17031",66,22,2606
"480","G1700310320199",1980,"Illinois","Cook","17031",0,0,18
"481","G17003103202",1980,"Illinois","Cook","17031",0,0,28
"482","G17003103203",1980,"Illinois","Cook","17031",0,0,0
"483","G17003103204",1980,"Illinois","Cook","17031",15,2,437
"484","G17003103205",1980,"Illinois","Cook","17031",93,61,1888
"485","G17003103206",1980,"Illinois","Cook","17031",48,36,1485
"486","G17003103301",1980,"Illinois","Cook","17031",73,14,1981
"487","G17003103302",1980,"Illinois","Cook","17031",28,28,1777
"488","G17003103303",1980,"Illinois","Cook","17031",6,6,3233
"489","G17003103304",1980,"Illinois","Cook","17031",0,0,56
"490","G17003103305",1980,"Illinois","Cook","17031",1,0,196
"491","G17003103401",1980,"Illinois","Cook","17031",1,1,85
"492","G17003103402",1980,"Illinois","Cook","17031",136,133,5319
"493","G17003103403",1980,"Illinois","Cook","17031",109,94,1388
"494","G17003103404",1980,"Illinois","Cook","17031",273,258,1606
"495","G17003103405",1980,"Illinois","Cook","17031",79,58,1785
"496","G17003103406",1980,"Illinois","Cook","17031",5,5,2292
"497","G17003103501",1980,"Illinois","Cook","17031",41,13,2441
"498","G17003103502",1980,"Illinois","Cook","17031",22,5,3083
"499","G17003103503",1980,"Illinois","Cook","17031",26,3,1366
"500","G17003103504",1980,"Illinois","Cook","17031",12,12,2766
"501","G17003103505",1980,"Illinois","Cook","17031",21,4,518
"502","G17003103506",1980,"Illinois","Cook","17031",47,14,2702
"503","G17003103507",1980,"Illinois","Cook","17031",1,1,1237
"504","G17003103508",1980,"Illinois","Cook","17031",0,0,318
"505","G17003103509",1980,"Illinois","Cook","17031",0,0,105
"506","G17003103510",1980,"Illinois","Cook","17031",22,4,3519
"507","G17003103511",1980,"Illinois","Cook","17031",55,35,7586
"508","G17003103512",1980,"Illinois","Cook","17031",0,0,939
"509","G17003103513",1980,"Illinois","Cook","17031",17,17,1827
"510","G17003103514",1980,"Illinois","Cook","17031",1,1,1863
"511","G17003103515",1980,"Illinois","Cook","17031",48,39,5430
"512","G17003103601",1980,"Illinois","Cook","17031",7,2,1034
"513","G17003103602",1980,"Illinois","Cook","17031",14,7,5543
"514","G17003103603",1980,"Illinois","Cook","17031",12,7,2586
"515","G17003103604",1980,"Illinois","Cook","17031",41,19,4169
"516","G17003103605",1980,"Illinois","Cook","17031",23,13,3416
"517","G17003103701",1980,"Illinois","Cook","17031",19,3,1552
"518","G17003103702",1980,"Illinois","Cook","17031",29,27,1758
"519","G17003103703",1980,"Illinois","Cook","17031",7,7,1164
"520","G17003103704",1980,"Illinois","Cook","17031",16,16,1358
"521","G17003103801",1980,"Illinois","Cook","17031",17,9,3151
"522","G17003103802",1980,"Illinois","Cook","17031",11,7,2020
"523","G17003103803",1980,"Illinois","Cook","17031",18,11,4755
"524","G17003103804",1980,"Illinois","Cook","17031",6,3,1780
"525","G17003103805",1980,"Illinois","Cook","17031",49,45,3029
"526","G17003103806",1980,"Illinois","Cook","17031",33,33,3694
"527","G17003103807",1980,"Illinois","Cook","17031",32,30,2070
"528","G17003103808",1980,"Illinois","Cook","17031",15,14,2453
"529","G17003103809",1980,"Illinois","Cook","17031",14,8,2349
"530","G17003103810",1980,"Illinois","Cook","17031",2,2,3105
"531","G17003103811",1980,"Illinois","Cook","17031",4,3,675
"532","G17003103812",1980,"Illinois","Cook","17031",4,1,2837
"533","G17003103813",1980,"Illinois","Cook","17031",2,1,416
"534","G17003103814",1980,"Illinois","Cook","17031",29,17,3098
"535","G17003103815",1980,"Illinois","Cook","17031",10,4,1826
"536","G17003103816",1980,"Illinois","Cook","17031",33,30,2180
"537","G17003103817",1980,"Illinois","Cook","17031",41,37,5681
"538","G17003103818",1980,"Illinois","Cook","17031",15,10,3090
"539","G17003103819",1980,"Illinois","Cook","17031",8,4,1819
"540","G17003103820",1980,"Illinois","Cook","17031",7,6,3713
"541","G17003103901",1980,"Illinois","Cook","17031",23,12,2114
"542","G17003103902",1980,"Illinois","Cook","17031",7,5,2357
"543","G17003103903",1980,"Illinois","Cook","17031",26,23,3324
"544","G17003103904",1980,"Illinois","Cook","17031",31,14,3409
"545","G17003103905",1980,"Illinois","Cook","17031",31,7,1926
"546","G17003103906",1980,"Illinois","Cook","17031",21,17,1875
"547","G17003103907",1980,"Illinois","Cook","17031",102,27,6969
"548","G17003104001",1980,"Illinois","Cook","17031",32,10,3262
"549","G17003104002",1980,"Illinois","Cook","17031",45,31,5958
"550","G17003104003",1980,"Illinois","Cook","17031",15,7,3424
"551","G17003104004",1980,"Illinois","Cook","17031",34,28,4534
"552","G17003104005",1980,"Illinois","Cook","17031",18,13,3560
"553","G17003104006",1980,"Illinois","Cook","17031",2,0,1264
"554","G17003104007",1980,"Illinois","Cook","17031",2,2,2277
"555","G17003104008",1980,"Illinois","Cook","17031",57,36,7656
"556","G17003104101",1980,"Illinois","Cook","17031",85,13,1826
"557","G17003104102",1980,"Illinois","Cook","17031",92,25,1544
"558","G17003104103",1980,"Illinois","Cook","17031",17,12,903
"559","G17003104104",1980,"Illinois","Cook","17031",4,1,660
"560","G17003104105",1980,"Illinois","Cook","17031",38,13,3105
"561","G17003104106",1980,"Illinois","Cook","17031",49,11,2527
"562","G17003104107",1980,"Illinois","Cook","17031",83,26,2463
"563","G17003104108",1980,"Illinois","Cook","17031",92,49,3565
"564","G17003104109",1980,"Illinois","Cook","17031",79,30,4031
"565","G17003104110",1980,"Illinois","Cook","17031",77,26,3465
"566","G17003104111",1980,"Illinois","Cook","17031",31,6,2451
"567","G17003104112",1980,"Illinois","Cook","17031",43,6,2374
"568","G17003104113",1980,"Illinois","Cook","17031",12,3,772
"569","G17003104114",1980,"Illinois","Cook","17031",19,4,1512
"570","G17003104201",1980,"Illinois","Cook","17031",19,1,1075
"571","G17003104202",1980,"Illinois","Cook","17031",24,9,2343
"572","G17003104203",1980,"Illinois","Cook","17031",22,17,2240
"573","G17003104204",1980,"Illinois","Cook","17031",45,20,2310
"574","G17003104205",1980,"Illinois","Cook","17031",24,9,3756
"575","G17003104206",1980,"Illinois","Cook","17031",25,20,3339
"576","G17003104207",1980,"Illinois","Cook","17031",36,13,5808
"577","G17003104208",1980,"Illinois","Cook","17031",15,3,3555
"578","G17003104209",1980,"Illinois","Cook","17031",24,20,4036
"579","G17003104210",1980,"Illinois","Cook","17031",19,13,3192
"580","G17003104211",1980,"Illinois","Cook","17031",20,14,2675
"581","G17003104212",1980,"Illinois","Cook","17031",12,11,1994
"582","G17003104301",1980,"Illinois","Cook","17031",54,27,12735
"583","G17003104302",1980,"Illinois","Cook","17031",53,23,7023
"584","G17003104303",1980,"Illinois","Cook","17031",28,13,4393
"585","G17003104304",1980,"Illinois","Cook","17031",64,23,4114
"586","G17003104305",1980,"Illinois","Cook","17031",31,8,5959
"587","G17003104306",1980,"Illinois","Cook","17031",27,9,2778
"588","G17003104307",1980,"Illinois","Cook","17031",30,13,2774
"589","G17003104308",1980,"Illinois","Cook","17031",34,5,2636
"590","G17003104309",1980,"Illinois","Cook","17031",18,17,2585
"591","G17003104310",1980,"Illinois","Cook","17031",16,14,1558
"592","G17003104311",1980,"Illinois","Cook","17031",42,16,5956
"593","G17003104312",1980,"Illinois","Cook","17031",29,5,4399
"594","G17003104313",1980,"Illinois","Cook","17031",192,67,12811
"595","G17003104314",1980,"Illinois","Cook","17031",299,65,8022
"596","G17003104401",1980,"Illinois","Cook","17031",64,27,10463
"597","G17003104402",1980,"Illinois","Cook","17031",86,35,10160
"598","G17003104403",1980,"Illinois","Cook","17031",51,12,5640
"599","G17003104404",1980,"Illinois","Cook","17031",9,4,4454
"600","G17003104405",1980,"Illinois","Cook","17031",0,0,0
"601","G17003104406",1980,"Illinois","Cook","17031",19,4,2093
"602","G17003104407",1980,"Illinois","Cook","17031",14,9,1937
"603","G17003104408",1980,"Illinois","Cook","17031",7,3,2252
"604","G17003104409",1980,"Illinois","Cook","17031",21,4,3726
"605","G17003104501",1980,"Illinois","Cook","17031",2,0,555
"606","G17003104502",1980,"Illinois","Cook","17031",87,46,8189
"607","G17003104503",1980,"Illinois","Cook","17031",20,4,5048
"608","G17003104601",1980,"Illinois","Cook","17031",2340,2138,5607
"609","G17003104602",1980,"Illinois","Cook","17031",3228,2946,4164
"610","G17003104603",1980,"Illinois","Cook","17031",3559,3051,10285
"611","G17003104604",1980,"Illinois","Cook","17031",215,152,4740
"612","G17003104605",1980,"Illinois","Cook","17031",86,27,8141
"613","G17003104606",1980,"Illinois","Cook","17031",1079,962,1725
"614","G17003104607",1980,"Illinois","Cook","17031",3467,3072,5128
"615","G17003104608",1980,"Illinois","Cook","17031",401,336,1265
"616","G17003104609",1980,"Illinois","Cook","17031",2446,2078,2983
"617","G17003104610",1980,"Illinois","Cook","17031",1408,1198,2384
"618","G17003104701",1980,"Illinois","Cook","17031",100,91,3942
"619","G17003104801",1980,"Illinois","Cook","17031",35,30,3097
"620","G17003104802",1980,"Illinois","Cook","17031",40,24,1694
"621","G17003104803",1980,"Illinois","Cook","17031",68,42,2332
"622","G17003104804",1980,"Illinois","Cook","17031",198,130,8657
"623","G17003104805",1980,"Illinois","Cook","17031",1140,1032,4725
"624","G17003104901",1980,"Illinois","Cook","17031",6,2,763
"625","G17003104902",1980,"Illinois","Cook","17031",25,8,4059
"626","G17003104903",1980,"Illinois","Cook","17031",7,4,2645
"627","G17003104904",1980,"Illinois","Cook","17031",4,2,1252
"628","G17003104905",1980,"Illinois","Cook","17031",17,8,2381
"629","G17003104906",1980,"Illinois","Cook","17031",15,8,2128
"630","G17003104907",1980,"Illinois","Cook","17031",15,14,4362
"631","G17003104908",1980,"Illinois","Cook","17031",14,7,5367
"632","G17003104909",1980,"Illinois","Cook","17031",92,57,12661
"633","G17003104910",1980,"Illinois","Cook","17031",97,54,8972
"634","G17003104911",1980,"Illinois","Cook","17031",37,19,6857
"635","G17003104912",1980,"Illinois","Cook","17031",15,11,3388
"636","G17003104913",1980,"Illinois","Cook","17031",53,43,4721
"637","G17003104914",1980,"Illinois","Cook","17031",153,119,4816
"638","G17003105001",1980,"Illinois","Cook","17031",31,9,5800
"639","G17003105002",1980,"Illinois","Cook","17031",79,61,2457
"640","G17003105003",1980,"Illinois","Cook","17031",532,482,2084
"641","G17003105101",1980,"Illinois","Cook","17031",1517,1420,3673
"642","G17003105102",1980,"Illinois","Cook","17031",319,298,4250
"643","G17003105103",1980,"Illinois","Cook","17031",133,82,6903
"644","G17003105104",1980,"Illinois","Cook","17031",25,24,73
"645","G1700310510499",1980,"Illinois","Cook","17031",0,0,51
"646","G17003105105",1980,"Illinois","Cook","17031",2769,2621,4450
"647","G17003105201",1980,"Illinois","Cook","17031",408,359,1807
"648","G17003105202",1980,"Illinois","Cook","17031",954,879,3464
"649","G1700310520299",1980,"Illinois","Cook","17031",0,0,90
"650","G17003105203",1980,"Illinois","Cook","17031",774,684,5423
"651","G17003105204",1980,"Illinois","Cook","17031",198,177,3706
"652","G17003105205",1980,"Illinois","Cook","17031",169,147,4263
"653","G17003105206",1980,"Illinois","Cook","17031",175,138,2578
"654","G17003105301",1980,"Illinois","Cook","17031",1561,1434,3925
"655","G17003105302",1980,"Illinois","Cook","17031",140,105,8881
"656","G17003105303",1980,"Illinois","Cook","17031",36,25,6393
"657","G17003105304",1980,"Illinois","Cook","17031",171,151,2740
"658","G17003105305",1980,"Illinois","Cook","17031",218,158,18125
"659","G17003105306",1980,"Illinois","Cook","17031",183,133,4840
"660","G17003105401",1980,"Illinois","Cook","17031",176,147,13539
"661","G17003105501",1980,"Illinois","Cook","17031",396,311,7919
"662","G17003105502",1980,"Illinois","Cook","17031",322,271,3653
"663","G17003105601",1980,"Illinois","Cook","17031",268,214,1058
"664","G17003105602",1980,"Illinois","Cook","17031",57,46,5107
"665","G17003105603",1980,"Illinois","Cook","17031",301,225,3125
"666","G17003105604",1980,"Illinois","Cook","17031",159,127,1338
"667","G17003105605",1980,"Illinois","Cook","17031",50,43,694
"668","G17003105606",1980,"Illinois","Cook","17031",58,47,1201
"669","G17003105607",1980,"Illinois","Cook","17031",129,92,3154
"670","G17003105608",1980,"Illinois","Cook","17031",175,127,5417
"671","G17003105609",1980,"Illinois","Cook","17031",111,94,5664
"672","G17003105610",1980,"Illinois","Cook","17031",119,87,5553
"673","G17003105611",1980,"Illinois","Cook","17031",139,103,5618
"674","G17003105612",1980,"Illinois","Cook","17031",0,0,0
"675","G17003105613",1980,"Illinois","Cook","17031",0,0,6
"676","G17003105701",1980,"Illinois","Cook","17031",39,31,896
"677","G17003105702",1980,"Illinois","Cook","17031",37,28,1555
"678","G17003105703",1980,"Illinois","Cook","17031",124,93,4260
"679","G17003105704",1980,"Illinois","Cook","17031",69,53,1380
"680","G17003105705",1980,"Illinois","Cook","17031",85,73,1617
"681","G17003105801",1980,"Illinois","Cook","17031",596,517,2306
"682","G17003105802",1980,"Illinois","Cook","17031",726,654,2859
"683","G17003105803",1980,"Illinois","Cook","17031",1174,1103,2047
"684","G17003105804",1980,"Illinois","Cook","17031",204,171,3177
"685","G17003105805",1980,"Illinois","Cook","17031",703,589,7107
"686","G17003105806",1980,"Illinois","Cook","17031",358,281,3594
"687","G17003105807",1980,"Illinois","Cook","17031",364,301,3725
"688","G17003105808",1980,"Illinois","Cook","17031",117,96,1256
"689","G17003105809",1980,"Illinois","Cook","17031",237,191,4011
"690","G17003105810",1980,"Illinois","Cook","17031",0,0,0
"691","G17003105811",1980,"Illinois","Cook","17031",60,44,688
"692","G17003105901",1980,"Illinois","Cook","17031",90,89,183
"693","G17003105902",1980,"Illinois","Cook","17031",437,420,2592
"694","G17003105903",1980,"Illinois","Cook","17031",395,373,2369
"695","G17003105904",1980,"Illinois","Cook","17031",179,155,930
"696","G17003105905",1980,"Illinois","Cook","17031",348,309,1581
"697","G17003105906",1980,"Illinois","Cook","17031",352,320,3297
"698","G17003105907",1980,"Illinois","Cook","17031",328,286,2296
"699","G17003106001",1980,"Illinois","Cook","17031",65,62,265
"700","G17003106002",1980,"Illinois","Cook","17031",349,334,920
"701","G17003106003",1980,"Illinois","Cook","17031",386,359,1810
"702","G17003106004",1980,"Illinois","Cook","17031",890,849,4004
"703","G17003106005",1980,"Illinois","Cook","17031",258,193,1300
"704","G17003106006",1980,"Illinois","Cook","17031",425,375,2579
"705","G17003106007",1980,"Illinois","Cook","17031",389,356,2223
"706","G17003106008",1980,"Illinois","Cook","17031",884,778,4136
"707","G17003106009",1980,"Illinois","Cook","17031",1048,878,3900
"708","G17003106010",1980,"Illinois","Cook","17031",393,373,2080
"709","G17003106011",1980,"Illinois","Cook","17031",348,334,1532
"710","G17003106012",1980,"Illinois","Cook","17031",150,149,1056
"711","G17003106013",1980,"Illinois","Cook","17031",49,47,235
"712","G17003106014",1980,"Illinois","Cook","17031",233,212,864
"713","G17003106015",1980,"Illinois","Cook","17031",610,551,3503
"714","G17003106016",1980,"Illinois","Cook","17031",107,102,516
"715","G17003106101",1980,"Illinois","Cook","17031",178,167,1220
"716","G17003106102",1980,"Illinois","Cook","17031",609,594,772
"717","G17003106103",1980,"Illinois","Cook","17031",2839,2654,4654
"718","G17003106104",1980,"Illinois","Cook","17031",1956,1882,2460
"719","G17003106105",1980,"Illinois","Cook","17031",125,120,183
"720","G17003106106",1980,"Illinois","Cook","17031",70,68,231
"721","G17003106107",1980,"Illinois","Cook","17031",239,182,2515
"722","G17003106108",1980,"Illinois","Cook","17031",140,125,1939
"723","G17003106109",1980,"Illinois","Cook","17031",184,135,1472
"724","G17003106110",1980,"Illinois","Cook","17031",395,296,1700
"725","G17003106111",1980,"Illinois","Cook","17031",2250,2054,3935
"726","G17003106112",1980,"Illinois","Cook","17031",1464,1309,3150
"727","G17003106113",1980,"Illinois","Cook","17031",1191,1078,3142
"728","G17003106114",1980,"Illinois","Cook","17031",1121,1040,3289
"729","G17003106115",1980,"Illinois","Cook","17031",575,525,2372
"730","G17003106116",1980,"Illinois","Cook","17031",819,579,2157
"731","G17003106117",1980,"Illinois","Cook","17031",1750,1309,3585
"732","G17003106118",1980,"Illinois","Cook","17031",1673,1330,3620
"733","G17003106119",1980,"Illinois","Cook","17031",1999,1603,4791
"734","G17003106120",1980,"Illinois","Cook","17031",166,53,3427
"735","G17003106121",1980,"Illinois","Cook","17031",138,72,2719
"736","G17003106122",1980,"Illinois","Cook","17031",64,59,2527
"737","G17003106201",1980,"Illinois","Cook","17031",89,61,2907
"738","G17003106202",1980,"Illinois","Cook","17031",42,29,1773
"739","G17003106203",1980,"Illinois","Cook","17031",80,65,4952
"740","G17003106204",1980,"Illinois","Cook","17031",86,63,3165
"741","G17003106301",1980,"Illinois","Cook","17031",249,187,857
"742","G17003106302",1980,"Illinois","Cook","17031",131,112,1237
"743","G17003106303",1980,"Illinois","Cook","17031",150,137,3111
"744","G17003106304",1980,"Illinois","Cook","17031",270,225,4004
"745","G17003106305",1980,"Illinois","Cook","17031",460,346,3828
"746","G17003106306",1980,"Illinois","Cook","17031",94,59,401
"747","G17003106307",1980,"Illinois","Cook","17031",855,661,3737
"748","G17003106308",1980,"Illinois","Cook","17031",300,254,4090
"749","G17003106309",1980,"Illinois","Cook","17031",192,153,3180
"750","G17003106401",1980,"Illinois","Cook","17031",47,34,943
"751","G17003106402",1980,"Illinois","Cook","17031",0,0,0
"752","G17003106403",1980,"Illinois","Cook","17031",191,148,6216
"753","G17003106404",1980,"Illinois","Cook","17031",114,81,3147
"754","G17003106405",1980,"Illinois","Cook","17031",182,148,3667
"755","G17003106406",1980,"Illinois","Cook","17031",145,113,3956
"756","G17003106407",1980,"Illinois","Cook","17031",195,161,3199
"757","G17003106408",1980,"Illinois","Cook","17031",42,30,1456
"758","G17003106501",1980,"Illinois","Cook","17031",115,89,3486
"759","G17003106502",1980,"Illinois","Cook","17031",112,82,5340
"760","G17003106503",1980,"Illinois","Cook","17031",216,178,7676
"761","G17003106504",1980,"Illinois","Cook","17031",94,75,4883
"762","G17003106505",1980,"Illinois","Cook","17031",62,45,3363
"763","G17003106601",1980,"Illinois","Cook","17031",28,10,156
"764","G17003106602",1980,"Illinois","Cook","17031",1394,1047,5420
"765","G17003106603",1980,"Illinois","Cook","17031",487,375,5194
"766","G17003106604",1980,"Illinois","Cook","17031",213,172,3883
"767","G17003106605",1980,"Illinois","Cook","17031",252,211,3771
"768","G17003106606",1980,"Illinois","Cook","17031",844,661,5549
"769","G17003106607",1980,"Illinois","Cook","17031",51,25,2999
"770","G17003106608",1980,"Illinois","Cook","17031",627,480,4855
"771","G17003106609",1980,"Illinois","Cook","17031",397,317,3990
"772","G17003106610",1980,"Illinois","Cook","17031",367,285,5606
"773","G17003106611",1980,"Illinois","Cook","17031",280,214,5145
"774","G17003106701",1980,"Illinois","Cook","17031",55,37,2782
"775","G17003106702",1980,"Illinois","Cook","17031",33,20,3062
"776","G17003106703",1980,"Illinois","Cook","17031",94,32,2721
"777","G17003106704",1980,"Illinois","Cook","17031",96,38,3090
"778","G17003106705",1980,"Illinois","Cook","17031",57,49,2254
"779","G17003106706",1980,"Illinois","Cook","17031",15,6,3479
"780","G17003106707",1980,"Illinois","Cook","17031",26,16,2989
"781","G17003106708",1980,"Illinois","Cook","17031",14,5,2582
"782","G17003106709",1980,"Illinois","Cook","17031",5,4,2225
"783","G17003106710",1980,"Illinois","Cook","17031",7,0,692
"784","G17003106711",1980,"Illinois","Cook","17031",22,13,2325
"785","G17003106712",1980,"Illinois","Cook","17031",22,21,2642
"786","G17003106713",1980,"Illinois","Cook","17031",39,27,4943
"787","G17003106714",1980,"Illinois","Cook","17031",20,9,3006
"788","G17003106715",1980,"Illinois","Cook","17031",39,12,5640
"789","G17003106716",1980,"Illinois","Cook","17031",25,18,4203
"790","G17003106717",1980,"Illinois","Cook","17031",16,12,3247
"791","G17003106718",1980,"Illinois","Cook","17031",5,5,2589
"792","G17003106719",1980,"Illinois","Cook","17031",1,0,1923
"793","G17003106720",1980,"Illinois","Cook","17031",95,68,5675
"794","G17003106801",1980,"Illinois","Cook","17031",1,1,957
"795","G17003106802",1980,"Illinois","Cook","17031",50,29,6834
"796","G17003106803",1980,"Illinois","Cook","17031",23,14,2205
"797","G17003106804",1980,"Illinois","Cook","17031",84,20,2690
"798","G17003106805",1980,"Illinois","Cook","17031",47,10,3076
"799","G17003106806",1980,"Illinois","Cook","17031",13,8,3057
"800","G17003106807",1980,"Illinois","Cook","17031",36,28,2091
"801","G17003106808",1980,"Illinois","Cook","17031",19,19,2129
"802","G17003106809",1980,"Illinois","Cook","17031",38,24,6624
"803","G17003106810",1980,"Illinois","Cook","17031",50,25,6213
"804","G17003106811",1980,"Illinois","Cook","17031",39,18,6927
"805","G17003106812",1980,"Illinois","Cook","17031",27,20,6017
"806","G17003106813",1980,"Illinois","Cook","17031",43,29,4901
"807","G17003106814",1980,"Illinois","Cook","17031",27,12,5354
"808","G17003106901",1980,"Illinois","Cook","17031",2,2,2673
"809","G17003106902",1980,"Illinois","Cook","17031",1,0,374
"810","G17003106903",1980,"Illinois","Cook","17031",18,6,3187
"811","G17003106904",1980,"Illinois","Cook","17031",13,7,4907
"812","G17003106905",1980,"Illinois","Cook","17031",4,0,1376
"813","G17003106906",1980,"Illinois","Cook","17031",12,7,744
"814","G17003106907",1980,"Illinois","Cook","17031",3,3,459
"815","G17003106908",1980,"Illinois","Cook","17031",20,13,3269
"816","G17003106909",1980,"Illinois","Cook","17031",46,30,5918
"817","G17003106910",1980,"Illinois","Cook","17031",23,11,3025
"818","G17003106911",1980,"Illinois","Cook","17031",32,14,5206
"819","G17003106912",1980,"Illinois","Cook","17031",17,7,3895
"820","G17003106913",1980,"Illinois","Cook","17031",20,4,2819
"821","G17003106914",1980,"Illinois","Cook","17031",26,17,4502
"822","G17003106915",1980,"Illinois","Cook","17031",29,14,2864
"823","G17003107001",1980,"Illinois","Cook","17031",150,79,3283
"824","G17003107002",1980,"Illinois","Cook","17031",171,132,5493
"825","G17003107003",1980,"Illinois","Cook","17031",112,77,11564
"826","G17003107004",1980,"Illinois","Cook","17031",187,143,8975
"827","G17003107005",1980,"Illinois","Cook","17031",285,223,11162
"828","G17003107101",1980,"Illinois","Cook","17031",13,1,1854
"829","G17003107102",1980,"Illinois","Cook","17031",36,14,5899
"830","G17003107103",1980,"Illinois","Cook","17031",20,10,2032
"831","G17003107104",1980,"Illinois","Cook","17031",64,42,7888
"832","G17003107105",1980,"Illinois","Cook","17031",22,11,5699
"833","G17003107106",1980,"Illinois","Cook","17031",5,0,2603
"834","G17003107107",1980,"Illinois","Cook","17031",23,14,4869
"835","G17003107108",1980,"Illinois","Cook","17031",60,19,6892
"836","G17003107109",1980,"Illinois","Cook","17031",30,24,3098
"837","G17003107110",1980,"Illinois","Cook","17031",42,27,4707
"838","G17003107111",1980,"Illinois","Cook","17031",27,5,3843
"839","G17003107112",1980,"Illinois","Cook","17031",55,31,6835
"840","G17003107113",1980,"Illinois","Cook","17031",19,0,1865
"841","G17003107114",1980,"Illinois","Cook","17031",26,12,3654
"842","G17003107115",1980,"Illinois","Cook","17031",21,15,3394
"843","G17003107201",1980,"Illinois","Cook","17031",35,26,4104
"844","G17003107202",1980,"Illinois","Cook","17031",80,64,4886
"845","G17003107203",1980,"Illinois","Cook","17031",70,31,4352
"846","G17003107204",1980,"Illinois","Cook","17031",28,25,2186
"847","G17003107205",1980,"Illinois","Cook","17031",10,5,2304
"848","G17003107206",1980,"Illinois","Cook","17031",28,23,1976
"849","G17003107207",1980,"Illinois","Cook","17031",57,32,3552
"850","G17003107301",1980,"Illinois","Cook","17031",24,6,3144
"851","G17003107302",1980,"Illinois","Cook","17031",42,19,12349
"852","G17003107303",1980,"Illinois","Cook","17031",0,0,1589
"853","G17003107304",1980,"Illinois","Cook","17031",34,18,5166
"854","G17003107305",1980,"Illinois","Cook","17031",39,19,6351
"855","G17003107306",1980,"Illinois","Cook","17031",18,8,4716
"856","G17003107307",1980,"Illinois","Cook","17031",20,18,3138
"857","G17003107401",1980,"Illinois","Cook","17031",50,33,3493
"858","G17003107402",1980,"Illinois","Cook","17031",50,31,6068
"859","G17003107403",1980,"Illinois","Cook","17031",17,11,5237
"860","G17003107404",1980,"Illinois","Cook","17031",37,29,5286
"861","G17003107501",1980,"Illinois","Cook","17031",49,30,6323
"862","G17003107502",1980,"Illinois","Cook","17031",54,33,3967
"863","G17003107503",1980,"Illinois","Cook","17031",18,9,2686
"864","G17003107504",1980,"Illinois","Cook","17031",35,22,3371
"865","G17003107505",1980,"Illinois","Cook","17031",85,69,7304
"866","G17003107506",1980,"Illinois","Cook","17031",39,25,5664
"867","G17003107608",1980,"Illinois","Cook","17031",276,98,10962
"868","G17003107609",1980,"Illinois","Cook","17031",49,32,227
"869","G17003107702",1980,"Illinois","Cook","17031",221,103,10008
"870","G17003107703",1980,"Illinois","Cook","17031",178,111,8766
"871","G17003107704",1980,"Illinois","Cook","17031",147,87,4108
"872","G17003107705",1980,"Illinois","Cook","17031",335,284,3061
"873","G17003107706",1980,"Illinois","Cook","17031",386,249,6946
"874","G17003107707",1980,"Illinois","Cook","17031",102,76,3070
"875","G17003107708",1980,"Illinois","Cook","17031",391,244,5569
"876","G17003107709",1980,"Illinois","Cook","17031",93,31,8998
"877","G17003108001",1980,"Illinois","Cook","17031",34,12,2729
"878","G17003108002",1980,"Illinois","Cook","17031",109,66,6471
"879","G17003108003",1980,"Illinois","Cook","17031",33,8,3677
"880","G17003108004",1980,"Illinois","Cook","17031",37,13,4180
"881","G17003108005",1980,"Illinois","Cook","17031",50,18,4915
"882","G17003108006",1980,"Illinois","Cook","17031",27,8,2708
"883","G17003108007",1980,"Illinois","Cook","17031",38,2,5270
"884","G17003108008",1980,"Illinois","Cook","17031",13,3,2210
"885","G17003108009",1980,"Illinois","Cook","17031",76,14,4852
"886","G17003108010",1980,"Illinois","Cook","17031",69,27,5145
"887","G17003108011",1980,"Illinois","Cook","17031",68,24,4613
"888","G17003108012",1980,"Illinois","Cook","17031",51,16,4033
"889","G17003108013",1980,"Illinois","Cook","17031",32,14,4321
"890","G17003108014",1980,"Illinois","Cook","17031",45,9,3100
"891","G17003108015",1980,"Illinois","Cook","17031",91,56,5856
"892","G1700310801601",1980,"Illinois","Cook","17031",168,140,3304
"893","G1700310801602",1980,"Illinois","Cook","17031",132,34,11569
"894","G1700310801603",1980,"Illinois","Cook","17031",76,47,2951
"895","G1700310801604",1980,"Illinois","Cook","17031",160,47,8691
"896","G17003108017",1980,"Illinois","Cook","17031",115,43,8741
"897","G17003108018",1980,"Illinois","Cook","17031",70,30,5904
"898","G17003108019",1980,"Illinois","Cook","17031",111,48,7042
"899","G17003108020",1980,"Illinois","Cook","17031",217,95,10561
"900","G17003108021",1980,"Illinois","Cook","17031",12,10,3298
"901","G17003108022",1980,"Illinois","Cook","17031",66,19,4412
"902","G17003108023",1980,"Illinois","Cook","17031",72,38,1914
"903","G17003108024",1980,"Illinois","Cook","17031",505,369,9237
"904","G1700310802501",1980,"Illinois","Cook","17031",375,251,9753
"905","G1700310802502",1980,"Illinois","Cook","17031",397,344,4638
"906","G1700310802601",1980,"Illinois","Cook","17031",90,43,6970
"907","G1700310802602",1980,"Illinois","Cook","17031",669,506,11775
"908","G17003108027",1980,"Illinois","Cook","17031",335,284,10686
"909","G17003108028",1980,"Illinois","Cook","17031",167,89,12201
"910","G17003108029",1980,"Illinois","Cook","17031",112,96,6238
"911","G1700310803001",1980,"Illinois","Cook","17031",192,120,8869
"912","G1700310803002",1980,"Illinois","Cook","17031",201,126,13399
"913","G1700310803003",1980,"Illinois","Cook","17031",133,58,9890
"914","G1700310803004",1980,"Illinois","Cook","17031",8,8,136
"915","G17003108031",1980,"Illinois","Cook","17031",56,30,3803
"916","G17003108032",1980,"Illinois","Cook","17031",97,61,5288
"917","G17003108033",1980,"Illinois","Cook","17031",79,45,4282
"918","G17003108034",1980,"Illinois","Cook","17031",101,78,6763
"919","G17003108035",1980,"Illinois","Cook","17031",69,28,5925
"920","G1700310803601",1980,"Illinois","Cook","17031",277,137,20271
"921","G1700310803602",1980,"Illinois","Cook","17031",1007,779,13345
"922","G1700310803603",1980,"Illinois","Cook","17031",59,47,3502
"923","G17003108037",1980,"Illinois","Cook","17031",264,222,6908
"924","G17003108038",1980,"Illinois","Cook","17031",145,79,4675
"925","G17003108039",1980,"Illinois","Cook","17031",334,282,7336
"926","G17003108040",1980,"Illinois","Cook","17031",149,90,5072
"927","G1700310804101",1980,"Illinois","Cook","17031",130,75,7222
"928","G1700310804102",1980,"Illinois","Cook","17031",72,29,5958
"929","G1700310804103",1980,"Illinois","Cook","17031",185,109,8912
"930","G17003108042",1980,"Illinois","Cook","17031",139,72,9600
"931","G1700310804301",1980,"Illinois","Cook","17031",0,0,95
"932","G1700310804302",1980,"Illinois","Cook","17031",1,1,19
"933","G1700310804303",1980,"Illinois","Cook","17031",817,631,14825
"934","G1700310804304",1980,"Illinois","Cook","17031",65,46,2413
"935","G17003108044",1980,"Illinois","Cook","17031",823,579,11487
"936","G1700310804501",1980,"Illinois","Cook","17031",58,22,3179
"937","G1700310804502",1980,"Illinois","Cook","17031",1238,939,15699
"938","G1700310804601",1980,"Illinois","Cook","17031",545,399,7360
"939","G1700310804602",1980,"Illinois","Cook","17031",329,116,18886
"940","G1700310804701",1980,"Illinois","Cook","17031",158,76,5172
"941","G1700310804702",1980,"Illinois","Cook","17031",275,101,13485
"942","G1700310804703",1980,"Illinois","Cook","17031",599,400,16073
"943","G1700310804704",1980,"Illinois","Cook","17031",225,101,8245
"944","G1700310804801",1980,"Illinois","Cook","17031",412,214,15752
"945","G1700310804802",1980,"Illinois","Cook","17031",282,140,13415
"946","G1700310804803",1980,"Illinois","Cook","17031",107,94,1306
"947","G1700310804804",1980,"Illinois","Cook","17031",125,82,4226
"948","G17003108049",1980,"Illinois","Cook","17031",126,65,13025
"949","G17003108050",1980,"Illinois","Cook","17031",300,159,12518
"950","G1700310805101",1980,"Illinois","Cook","17031",641,480,7948
"951","G1700310805102",1980,"Illinois","Cook","17031",81,45,8804
"952","G1700310805103",1980,"Illinois","Cook","17031",399,288,9108
"953","G1700310805104",1980,"Illinois","Cook","17031",418,236,10825
"954","G17003108052",1980,"Illinois","Cook","17031",95,35,8466
"955","G17003108053",1980,"Illinois","Cook","17031",140,45,8394
"956","G17003108054",1980,"Illinois","Cook","17031",58,16,10610
"957","G17003108055",1980,"Illinois","Cook","17031",85,37,7557
"958","G17003108056",1980,"Illinois","Cook","17031",39,15,5071
"959","G17003108057",1980,"Illinois","Cook","17031",50,5,7574
"960","G17003108058",1980,"Illinois","Cook","17031",42,8,7726
"961","G17003108059",1980,"Illinois","Cook","17031",137,65,11288
"962","G17003108060",1980,"Illinois","Cook","17031",1064,534,25779
"963","G17003108061",1980,"Illinois","Cook","17031",268,163,9483
"964","G17003108062",1980,"Illinois","Cook","17031",377,309,5515
"965","G17003108063",1980,"Illinois","Cook","17031",168,129,4909
"966","G17003108064",1980,"Illinois","Cook","17031",100,82,2732
"967","G17003108065",1980,"Illinois","Cook","17031",454,188,6998
"968","G17003108066",1980,"Illinois","Cook","17031",209,179,3559
"969","G17003108067",1980,"Illinois","Cook","17031",56,8,4480
"970","G17003108068",1980,"Illinois","Cook","17031",163,25,7586
"971","G17003108069",1980,"Illinois","Cook","17031",116,23,4063
"972","G17003108070",1980,"Illinois","Cook","17031",135,27,4935
"973","G17003108071",1980,"Illinois","Cook","17031",75,7,4007
"974","G17003108072",1980,"Illinois","Cook","17031",186,26,5869
"975","G17003108073",1980,"Illinois","Cook","17031",189,29,6730
"976","G17003108074",1980,"Illinois","Cook","17031",123,24,5641
"977","G17003108075",1980,"Illinois","Cook","17031",109,7,3185
"978","G17003108076",1980,"Illinois","Cook","17031",203,40,6116
"979","G17003108077",1980,"Illinois","Cook","17031",177,30,4924
"980","G17003108078",1980,"Illinois","Cook","17031",80,15,2742
"981","G17003108079",1980,"Illinois","Cook","17031",76,22,4095
"982","G17003108080",1980,"Illinois","Cook","17031",178,13,7826
"983","G17003108081",1980,"Illinois","Cook","17031",36,26,3244
"984","G17003108082",1980,"Illinois","Cook","17031",93,33,5378
"985","G17003108083",1980,"Illinois","Cook","17031",160,50,7683
"986","G17003108084",1980,"Illinois","Cook","17031",106,50,4547
"987","G17003108085",1980,"Illinois","Cook","17031",48,27,4359
"988","G17003108086",1980,"Illinois","Cook","17031",23,14,2037
"989","G17003108087",1980,"Illinois","Cook","17031",130,38,6985
"990","G17003108088",1980,"Illinois","Cook","17031",53,17,2333
"991","G17003108089",1980,"Illinois","Cook","17031",18,5,3775
"992","G17003108090",1980,"Illinois","Cook","17031",60,16,4074
"993","G17003108091",1980,"Illinois","Cook","17031",34,17,3444
"994","G17003108092",1980,"Illinois","Cook","17031",53,9,4799
"995","G17003108093",1980,"Illinois","Cook","17031",102,43,4884
"996","G17003108094",1980,"Illinois","Cook","17031",59,17,4227
"997","G17003108095",1980,"Illinois","Cook","17031",58,26,3467
"998","G17003108096",1980,"Illinois","Cook","17031",108,65,3427
"999","G17003108097",1980,"Illinois","Cook","17031",300,234,4024
"1000","G17003108098",1980,"Illinois","Cook","17031",67,29,3098
"1001","G17003108099",1980,"Illinois","Cook","17031",30,11,2670
"1002","G17003108100",1980,"Illinois","Cook","17031",50,10,4776
"1003","G17003108101",1980,"Illinois","Cook","17031",231,102,4952
"1004","G17003108102",1980,"Illinois","Cook","17031",96,31,5421
"1005","G17003108103",1980,"Illinois","Cook","17031",266,112,7350
"1006","G17003108104",1980,"Illinois","Cook","17031",68,12,5669
"1007","G17003108105",1980,"Illinois","Cook","17031",90,34,11039
"1008","G17003108106",1980,"Illinois","Cook","17031",103,59,4676
"1009","G17003108107",1980,"Illinois","Cook","17031",193,107,7937
"1010","G17003108108",1980,"Illinois","Cook","17031",38,19,5210
"1011","G17003108109",1980,"Illinois","Cook","17031",81,40,5959
"1012","G17003108110",1980,"Illinois","Cook","17031",93,33,4910
"1013","G17003108111",1980,"Illinois","Cook","17031",120,56,6496
"1014","G17003108112",1980,"Illinois","Cook","17031",115,42,5413
"1015","G17003108113",1980,"Illinois","Cook","17031",547,290,7586
"1016","G17003108114",1980,"Illinois","Cook","17031",254,162,9109
"1017","G17003108115",1980,"Illinois","Cook","17031",294,241,6129
"1018","G17003108116",1980,"Illinois","Cook","17031",360,227,5889
"1019","G17003108117",1980,"Illinois","Cook","17031",1584,1405,8888
"1020","G17003108118",1980,"Illinois","Cook","17031",278,139,5270
"1021","G17003108119",1980,"Illinois","Cook","17031",122,41,6478
"1022","G17003108120",1980,"Illinois","Cook","17031",66,31,5914
"1023","G17003108121",1980,"Illinois","Cook","17031",101,41,5001
"1024","G17003108122",1980,"Illinois","Cook","17031",104,46,4209
"1025","G17003108123",1980,"Illinois","Cook","17031",114,55,5573
"1026","G17003108124",1980,"Illinois","Cook","17031",50,14,3765
"1027","G17003108125",1980,"Illinois","Cook","17031",113,46,4022
"1028","G17003108126",1980,"Illinois","Cook","17031",109,66,3825
"1029","G17003108127",1980,"Illinois","Cook","17031",58,16,3432
"1030","G17003108128",1980,"Illinois","Cook","17031",150,69,5559
"1031","G17003108129",1980,"Illinois","Cook","17031",144,54,5347
"1032","G17003108130",1980,"Illinois","Cook","17031",162,81,4680
"1033","G17003108131",1980,"Illinois","Cook","17031",183,101,4999
"1034","G17003108132",1980,"Illinois","Cook","17031",76,39,4475
"1035","G17003108133",1980,"Illinois","Cook","17031",1336,1176,5951
"1036","G17003108134",1980,"Illinois","Cook","17031",394,326,5509
"1037","G17003108135",1980,"Illinois","Cook","17031",151,104,4992
"1038","G17003108136",1980,"Illinois","Cook","17031",193,142,3373
"1039","G17003108137",1980,"Illinois","Cook","17031",849,720,5420
"1040","G17003108138",1980,"Illinois","Cook","17031",798,655,6166
"1041","G17003108139",1980,"Illinois","Cook","17031",338,284,4585
"1042","G17003108140",1980,"Illinois","Cook","17031",151,119,3353
"1043","G17003108141",1980,"Illinois","Cook","17031",166,131,2962
"1044","G17003108142",1980,"Illinois","Cook","17031",464,396,5609
"1045","G17003108143",1980,"Illinois","Cook","17031",180,152,3126
"1046","G17003108144",1980,"Illinois","Cook","17031",185,126,6155
"1047","G17003108145",1980,"Illinois","Cook","17031",66,56,4031
"1048","G17003108146",1980,"Illinois","Cook","17031",171,137,4740
"1049","G17003108147",1980,"Illinois","Cook","17031",158,117,4739
"1050","G17003108148",1980,"Illinois","Cook","17031",66,52,4912
"1051","G17003108149",1980,"Illinois","Cook","17031",121,79,4854
"1052","G17003108150",1980,"Illinois","Cook","17031",73,56,3005
"1053","G17003108151",1980,"Illinois","Cook","17031",83,66,3250
"1054","G17003108152",1980,"Illinois","Cook","17031",158,126,5532
"1055","G17003108153",1980,"Illinois","Cook","17031",69,42,3434
"1056","G17003108154",1980,"Illinois","Cook","17031",111,79,5710
"1057","G17003108155",1980,"Illinois","Cook","17031",118,87,6673
"1058","G17003108156",1980,"Illinois","Cook","17031",34,23,4922
"1059","G17003108157",1980,"Illinois","Cook","17031",148,96,9436
"1060","G17003108158",1980,"Illinois","Cook","17031",25,21,1572
"1061","G17003108159",1980,"Illinois","Cook","17031",163,98,4919
"1062","G17003108160",1980,"Illinois","Cook","17031",86,52,3499
"1063","G17003108161",1980,"Illinois","Cook","17031",198,124,6759
"1064","G17003108162",1980,"Illinois","Cook","17031",217,98,3890
"1065","G17003108163",1980,"Illinois","Cook","17031",214,76,4367
"1066","G17003108164",1980,"Illinois","Cook","17031",2040,1643,7096
"1067","G17003108165",1980,"Illinois","Cook","17031",272,145,3484
"1068","G17003108166",1980,"Illinois","Cook","17031",1272,729,4273
"1069","G17003108167",1980,"Illinois","Cook","17031",601,361,3436
"1070","G17003108168",1980,"Illinois","Cook","17031",88,68,5504
"1071","G17003108169",1980,"Illinois","Cook","17031",327,154,5593
"1072","G17003108170",1980,"Illinois","Cook","17031",473,373,5800
"1073","G17003108171",1980,"Illinois","Cook","17031",305,193,8418
"1074","G17003108172",1980,"Illinois","Cook","17031",54,35,5775
"1075","G17003108173",1980,"Illinois","Cook","17031",62,51,3179
"1076","G17003108174",1980,"Illinois","Cook","17031",1135,757,3796
"1077","G17003108175",1980,"Illinois","Cook","17031",348,283,4476
"1078","G17003108176",1980,"Illinois","Cook","17031",190,140,4516
"1079","G17003108177",1980,"Illinois","Cook","17031",104,75,6256
"1080","G17003108178",1980,"Illinois","Cook","17031",30,18,1106
"1081","G17003108179",1980,"Illinois","Cook","17031",138,97,5933
"1082","G17003108180",1980,"Illinois","Cook","17031",80,58,4527
"1083","G17003108181",1980,"Illinois","Cook","17031",20,15,2583
"1084","G17003108182",1980,"Illinois","Cook","17031",76,46,5005
"1085","G17003108183",1980,"Illinois","Cook","17031",124,73,5784
"1086","G17003108184",1980,"Illinois","Cook","17031",108,66,7449
"1087","G17003108185",1980,"Illinois","Cook","17031",59,5,5651
"1088","G17003108186",1980,"Illinois","Cook","17031",30,9,5009
"1089","G17003108187",1980,"Illinois","Cook","17031",68,56,3586
"1090","G17003108188",1980,"Illinois","Cook","17031",75,53,5989
"1091","G17003108189",1980,"Illinois","Cook","17031",47,17,4378
"1092","G17003108190",1980,"Illinois","Cook","17031",46,22,4483
"1093","G17003108191",1980,"Illinois","Cook","17031",121,88,3997
"1094","G17003108192",1980,"Illinois","Cook","17031",193,135,5861
"1095","G17003108193",1980,"Illinois","Cook","17031",66,27,2978
"1096","G17003108194",1980,"Illinois","Cook","17031",117,68,5270
"1097","G17003108195",1980,"Illinois","Cook","17031",78,34,3570
"1098","G17003108196",1980,"Illinois","Cook","17031",52,20,4223
"1099","G17003108197",1980,"Illinois","Cook","17031",56,30,5693
"1100","G1700310819801",1980,"Illinois","Cook","17031",35,20,5198
"1101","G1700310819802",1980,"Illinois","Cook","17031",25,10,3003
"1102","G17003108199",1980,"Illinois","Cook","17031",42,21,3147
"1103","G17003108200",1980,"Illinois","Cook","17031",54,16,2270
"1104","G1700310820101",1980,"Illinois","Cook","17031",58,16,6358
"1105","G1700310820102",1980,"Illinois","Cook","17031",185,142,8455
"1106","G17003108202",1980,"Illinois","Cook","17031",404,326,8327
"1107","G17003108203",1980,"Illinois","Cook","17031",687,637,4995
"1108","G17003108204",1980,"Illinois","Cook","17031",1335,1309,5115
"1109","G17003108205",1980,"Illinois","Cook","17031",450,379,11384
"1110","G1700310820601",1980,"Illinois","Cook","17031",53,41,3916
"1111","G1700310820602",1980,"Illinois","Cook","17031",295,217,11557
"1112","G17003108207",1980,"Illinois","Cook","17031",146,91,5893
"1113","G17003108208",1980,"Illinois","Cook","17031",119,95,2902
"1114","G17003108209",1980,"Illinois","Cook","17031",683,600,10582
"1115","G17003108210",1980,"Illinois","Cook","17031",265,182,10934
"1116","G17003108211",1980,"Illinois","Cook","17031",271,202,8446
"1117","G17003108212",1980,"Illinois","Cook","17031",1379,1285,6480
"1118","G17003108213",1980,"Illinois","Cook","17031",676,594,5092
"1119","G17003108214",1980,"Illinois","Cook","17031",666,594,7420
"1120","G17003108215",1980,"Illinois","Cook","17031",141,130,2645
"1121","G17003108216",1980,"Illinois","Cook","17031",59,33,4958
"1122","G17003108217",1980,"Illinois","Cook","17031",20,11,5308
"1123","G17003108218",1980,"Illinois","Cook","17031",77,47,5900
"1124","G17003108219",1980,"Illinois","Cook","17031",73,55,6094
"1125","G17003108220",1980,"Illinois","Cook","17031",50,36,5324
"1126","G17003108221",1980,"Illinois","Cook","17031",145,64,9316
"1127","G17003108222",1980,"Illinois","Cook","17031",45,34,4358
"1128","G17003108223",1980,"Illinois","Cook","17031",147,110,8505
"1129","G17003108224",1980,"Illinois","Cook","17031",96,70,5859
"1130","G17003108225",1980,"Illinois","Cook","17031",71,47,5134
"1131","G1700310822601",1980,"Illinois","Cook","17031",36,29,5222
"1132","G1700310822602",1980,"Illinois","Cook","17031",88,65,6102
"1133","G17003108227",1980,"Illinois","Cook","17031",96,47,8994
"1134","G17003108228",1980,"Illinois","Cook","17031",56,39,8129
"1135","G17003108229",1980,"Illinois","Cook","17031",56,53,2298
"1136","G17003108230",1980,"Illinois","Cook","17031",236,157,12444
"1137","G17003108231",1980,"Illinois","Cook","17031",118,87,8620
"1138","G17003108232",1980,"Illinois","Cook","17031",53,48,3169
"1139","G1700310823301",1980,"Illinois","Cook","17031",219,179,10917
"1140","G1700310823302",1980,"Illinois","Cook","17031",174,136,4801
"1141","G17003108234",1980,"Illinois","Cook","17031",411,340,4280
"1142","G17003108235",1980,"Illinois","Cook","17031",275,237,4343
"1143","G1700310823601",1980,"Illinois","Cook","17031",30,22,7949
"1144","G1700310823602",1980,"Illinois","Cook","17031",78,51,6297
"1145","G1700310823603",1980,"Illinois","Cook","17031",930,874,3836
"1146","G1700310823701",1980,"Illinois","Cook","17031",145,121,9200
"1147","G1700310823702",1980,"Illinois","Cook","17031",215,175,6162
"1148","G1700310823703",1980,"Illinois","Cook","17031",126,106,4833
"1149","G1700310823801",1980,"Illinois","Cook","17031",29,16,1943
"1150","G1700310823802",1980,"Illinois","Cook","17031",275,211,13077
"1151","G1700310823901",1980,"Illinois","Cook","17031",9,2,2452
"1152","G1700310823902",1980,"Illinois","Cook","17031",101,23,8745
"1153","G17003108240",1980,"Illinois","Cook","17031",209,182,8850
"1154","G1700310824101",1980,"Illinois","Cook","17031",131,95,8220
"1155","G1700310824102",1980,"Illinois","Cook","17031",244,150,18090
"1156","G1700310824103",1980,"Illinois","Cook","17031",370,277,14884
"1157","G1700310824104",1980,"Illinois","Cook","17031",6,3,486
"1158","G17003108242",1980,"Illinois","Cook","17031",14,5,927
"1159","G17003108243",1980,"Illinois","Cook","17031",58,42,6832
"1160","G17003108244",1980,"Illinois","Cook","17031",34,28,2298
"1161","G1700310824501",1980,"Illinois","Cook","17031",271,221,16789
"1162","G1700310824502",1980,"Illinois","Cook","17031",38,25,3760
"1163","G17003108246",1980,"Illinois","Cook","17031",151,139,9340
"1164","G1700310824701",1980,"Illinois","Cook","17031",67,56,4297
"1165","G1700310824702",1980,"Illinois","Cook","17031",170,146,5992
"1166","G17003108248",1980,"Illinois","Cook","17031",264,224,6172
"1167","G17003108249",1980,"Illinois","Cook","17031",67,51,3200
"1168","G17003108250",1980,"Illinois","Cook","17031",110,90,4650
"1169","G17003108251",1980,"Illinois","Cook","17031",21,14,1056
"1170","G17003108252",1980,"Illinois","Cook","17031",48,42,2212
"1171","G17003108253",1980,"Illinois","Cook","17031",96,66,8729
"1172","G17003108254",1980,"Illinois","Cook","17031",51,42,4920
"1173","G1700310825501",1980,"Illinois","Cook","17031",132,102,5976
"1174","G1700310825502",1980,"Illinois","Cook","17031",189,117,9218
"1175","G1700310825503",1980,"Illinois","Cook","17031",105,66,6844
"1176","G17003108256",1980,"Illinois","Cook","17031",114,89,6738
"1177","G17003108257",1980,"Illinois","Cook","17031",362,309,4030
"1178","G17003108258",1980,"Illinois","Cook","17031",622,517,15246
"1179","G17003108259",1980,"Illinois","Cook","17031",128,109,3566
"1180","G17003108260",1980,"Illinois","Cook","17031",258,219,3955
"1181","G17003108261",1980,"Illinois","Cook","17031",197,161,6895
"1182","G17003108262",1980,"Illinois","Cook","17031",345,282,10754
"1183","G1700310826301",1980,"Illinois","Cook","17031",63,51,4300
"1184","G1700310826302",1980,"Illinois","Cook","17031",212,155,7980
"1185","G1700310826401",1980,"Illinois","Cook","17031",174,149,4130
"1186","G1700310826402",1980,"Illinois","Cook","17031",226,193,6027
"1187","G17003108265",1980,"Illinois","Cook","17031",139,122,6321
"1188","G17003108266",1980,"Illinois","Cook","17031",106,79,5196
"1189","G17003108267",1980,"Illinois","Cook","17031",67,53,5306
"1190","G17003108268",1980,"Illinois","Cook","17031",325,261,5757
"1191","G17003108269",1980,"Illinois","Cook","17031",64,38,7253
"1192","G17003108270",1980,"Illinois","Cook","17031",75,62,4564
"1193","G17003108271",1980,"Illinois","Cook","17031",140,102,3835
"1194","G17003108272",1980,"Illinois","Cook","17031",131,122,5042
"1195","G17003108273",1980,"Illinois","Cook","17031",499,439,4904
"1196","G17003108274",1980,"Illinois","Cook","17031",106,74,6903
"1197","G17003108275",1980,"Illinois","Cook","17031",624,563,6409
"1198","G17003108276",1980,"Illinois","Cook","17031",28,10,4986
"1199","G17003108277",1980,"Illinois","Cook","17031",112,96,3275
"1200","G1700310827801",1980,"Illinois","Cook","17031",52,36,5416
"1201","G1700310827802",1980,"Illinois","Cook","17031",72,55,3886
"1202","G1700310827803",1980,"Illinois","Cook","17031",92,55,7899
"1203","G17003108279",1980,"Illinois","Cook","17031",243,201,7263
"1204","G17003108280",1980,"Illinois","Cook","17031",103,79,5720
"1205","G17003108281",1980,"Illinois","Cook","17031",87,66,5212
"1206","G17003108282",1980,"Illinois","Cook","17031",137,126,8170
"1207","G17003108283",1980,"Illinois","Cook","17031",53,40,4062
"1208","G17003108284",1980,"Illinois","Cook","17031",168,141,7097
"1209","G1700310828501",1980,"Illinois","Cook","17031",279,244,11132
"1210","G1700310828502",1980,"Illinois","Cook","17031",895,772,12030
"1211","G1700310828601",1980,"Illinois","Cook","17031",33,22,4455
"1212","G1700310828602",1980,"Illinois","Cook","17031",37,20,5378
"1213","G17003108287",1980,"Illinois","Cook","17031",235,194,10325
"1214","G17003108288",1980,"Illinois","Cook","17031",180,150,8846
"1215","G17003108289",1980,"Illinois","Cook","17031",694,639,3505
"1216","G17003108290",1980,"Illinois","Cook","17031",195,147,4324
"1217","G17003108291",1980,"Illinois","Cook","17031",1922,1777,5383
"1218","G17003108292",1980,"Illinois","Cook","17031",639,581,5776
"1219","G17003108293",1980,"Illinois","Cook","17031",486,433,8977
"1220","G17003108294",1980,"Illinois","Cook","17031",255,200,7336
"1221","G17003108295",1980,"Illinois","Cook","17031",314,301,3988
"1222","G17003108296",1980,"Illinois","Cook","17031",288,265,3414
"1223","G17003108297",1980,"Illinois","Cook","17031",224,174,6555
"1224","G17003108298",1980,"Illinois","Cook","17031",52,18,6529
"1225","G17003108299",1980,"Illinois","Cook","17031",226,149,8658
"1226","G1700310830001",1980,"Illinois","Cook","17031",404,229,14684
"1227","G1700310830002",1980,"Illinois","Cook","17031",307,253,6792
"1228","G17003108301",1980,"Illinois","Cook","17031",64,28,3892
"1229","G17003108302",1980,"Illinois","Cook","17031",119,71,7315
"1230","G17003108303",1980,"Illinois","Cook","17031",146,94,5583
"1231","G17003108304",1980,"Illinois","Cook","17031",78,43,3711
"1232","G17003108305",1980,"Illinois","Cook","17031",34,21,1566
"1233","G17004308400",1980,"Illinois","Dupage","17043",354,323,3032
"1234","G1700430840101",1980,"Illinois","Dupage","17043",679,567,6221
"1235","G1700430840102",1980,"Illinois","Dupage","17043",735,611,9918
"1236","G1700430840103",1980,"Illinois","Dupage","17043",179,136,5345
"1237","G17004308402",1980,"Illinois","Dupage","17043",185,88,8052
"1238","G1700430840301",1980,"Illinois","Dupage","17043",286,148,7574
"1239","G1700430840302",1980,"Illinois","Dupage","17043",475,364,7598
"1240","G17004308404",1980,"Illinois","Dupage","17043",81,66,1105
"1241","G17004308405",1980,"Illinois","Dupage","17043",250,188,7018
"1242","G17004308406",1980,"Illinois","Dupage","17043",62,42,5025
"1243","G17004308407",1980,"Illinois","Dupage","17043",711,534,14366
"1244","G17004308408",1980,"Illinois","Dupage","17043",812,632,7694
"1245","G1700430840901",1980,"Illinois","Dupage","17043",147,104,3600
"1246","G1700430840902",1980,"Illinois","Dupage","17043",274,164,8093
"1247","G1700430840903",1980,"Illinois","Dupage","17043",469,274,11177
"1248","G1700430841001",1980,"Illinois","Dupage","17043",103,58,6945
"1249","G1700430841002",1980,"Illinois","Dupage","17043",41,18,3316
"1250","G1700430841101",1980,"Illinois","Dupage","17043",249,119,10158
"1251","G1700430841102",1980,"Illinois","Dupage","17043",499,290,16967
"1252","G1700430841201",1980,"Illinois","Dupage","17043",401,232,13346
"1253","G1700430841202",1980,"Illinois","Dupage","17043",198,123,5969
"1254","G17004308413",1980,"Illinois","Dupage","17043",908,595,23246
"1255","G17004308414",1980,"Illinois","Dupage","17043",328,279,8284
"1256","G17004308415",1980,"Illinois","Dupage","17043",1706,1592,10465
"1257","G1700430841601",1980,"Illinois","Dupage","17043",136,107,2887
"1258","G1700430841602",1980,"Illinois","Dupage","17043",209,167,7304
"1259","G17004308417",1980,"Illinois","Dupage","17043",445,326,12368
"1260","G17004308418",1980,"Illinois","Dupage","17043",138,58,9494
"1261","G17004308419",1980,"Illinois","Dupage","17043",63,19,6464
"1262","G17004308420",1980,"Illinois","Dupage","17043",50,28,4898
"1263","G17004308421",1980,"Illinois","Dupage","17043",52,28,5040
"1264","G17004308422",1980,"Illinois","Dupage","17043",33,15,4538
"1265","G17004308423",1980,"Illinois","Dupage","17043",28,17,3728
"1266","G17004308424",1980,"Illinois","Dupage","17043",60,35,4848
"1267","G17004308425",1980,"Illinois","Dupage","17043",56,33,2968
"1268","G1700430842601",1980,"Illinois","Dupage","17043",229,147,11449
"1269","G1700430842602",1980,"Illinois","Dupage","17043",43,4,5013
"1270","G1700430842701",1980,"Illinois","Dupage","17043",195,76,16612
"1271","G1700430842702",1980,"Illinois","Dupage","17043",115,61,9747
"1272","G17004308428",1980,"Illinois","Dupage","17043",71,18,4651
"1273","G17004308429",1980,"Illinois","Dupage","17043",108,58,4951
"1274","G17004308430",1980,"Illinois","Dupage","17043",45,28,3836
"1275","G17004308431",1980,"Illinois","Dupage","17043",105,61,4148
"1276","G17004308432",1980,"Illinois","Dupage","17043",128,90,5720
"1277","G17004308433",1980,"Illinois","Dupage","17043",190,122,8065
"1278","G17004308434",1980,"Illinois","Dupage","17043",60,35,3871
"1279","G17004308435",1980,"Illinois","Dupage","17043",41,24,4829
"1280","G17004308436",1980,"Illinois","Dupage","17043",97,48,7292
"1281","G17004308437",1980,"Illinois","Dupage","17043",38,25,4852
"1282","G17004308438",1980,"Illinois","Dupage","17043",50,35,3363
"1283","G17004308439",1980,"Illinois","Dupage","17043",53,34,4082
"1284","G17004308440",1980,"Illinois","Dupage","17043",110,48,8514
"1285","G17004308441",1980,"Illinois","Dupage","17043",59,24,4633
"1286","G1700430844201",1980,"Illinois","Dupage","17043",80,60,5276
"1287","G1700430844202",1980,"Illinois","Dupage","17043",63,43,4178
"1288","G1700430844301",1980,"Illinois","Dupage","17043",186,80,8745
"1289","G1700430844302",1980,"Illinois","Dupage","17043",168,78,7297
"1290","G17004308444",1980,"Illinois","Dupage","17043",184,41,7813
"1291","G17004308445",1980,"Illinois","Dupage","17043",119,56,6209
"1292","G17004308446",1980,"Illinois","Dupage","17043",131,49,8145
"1293","G17004308447",1980,"Illinois","Dupage","17043",199,99,9875
"1294","G17004308448",1980,"Illinois","Dupage","17043",53,35,7745
"1295","G17004308449",1980,"Illinois","Dupage","17043",84,44,6872
"1296","G17004308450",1980,"Illinois","Dupage","17043",94,53,5746
"1297","G17004308451",1980,"Illinois","Dupage","17043",60,31,5727
"1298","G17004308452",1980,"Illinois","Dupage","17043",25,6,4500
"1299","G17004308453",1980,"Illinois","Dupage","17043",24,3,3863
"1300","G17004308454",1980,"Illinois","Dupage","17043",85,15,5299
"1301","G1700430845501",1980,"Illinois","Dupage","17043",121,81,7077
"1302","G1700430845502",1980,"Illinois","Dupage","17043",188,90,14448
"1303","G17004308456",1980,"Illinois","Dupage","17043",133,84,9181
"1304","G17004308457",1980,"Illinois","Dupage","17043",255,149,15018
"1305","G1700430845801",1980,"Illinois","Dupage","17043",75,47,7699
"1306","G1700430845802",1980,"Illinois","Dupage","17043",231,118,11626
"1307","G1700430845803",1980,"Illinois","Dupage","17043",117,77,4588
"1308","G17004308459",1980,"Illinois","Dupage","17043",30,17,3601
"1309","G1700430846001",1980,"Illinois","Dupage","17043",69,41,6644
"1310","G1700430846002",1980,"Illinois","Dupage","17043",98,88,4171
"1311","G1700430846101",1980,"Illinois","Dupage","17043",27,16,4037
"1312","G1700430846102",1980,"Illinois","Dupage","17043",47,32,4019
"1313","G1700430846103",1980,"Illinois","Dupage","17043",98,33,6469
"1314","G1700430846201",1980,"Illinois","Dupage","17043",103,36,11803
"1315","G1700430846202",1980,"Illinois","Dupage","17043",48,23,7613
"1316","G1700430846203",1980,"Illinois","Dupage","17043",74,26,5037
"1317","G1700430846301",1980,"Illinois","Dupage","17043",41,20,3710
"1318","G1700430846302",1980,"Illinois","Dupage","17043",113,72,7533
"1319","G1700430846303",1980,"Illinois","Dupage","17043",508,322,20991
"1320","G1700430846304",1980,"Illinois","Dupage","17043",7,5,548
"1321","G1700430846401",1980,"Illinois","Dupage","17043",33,18,2718
"1322","G1700430846402",1980,"Illinois","Dupage","17043",61,20,7240
"1323","G1700430846501",1980,"Illinois","Dupage","17043",23,14,1912
"1324","G1700430846502",1980,"Illinois","Dupage","17043",108,38,9183
"1325","G17008908501",1980,"Illinois","Kane","17089",172,149,3015
"1326","G1700890850201",1980,"Illinois","Kane","17089",493,368,5637
"1327","G1700890850202",1980,"Illinois","Kane","17089",424,318,5980
"1328","G1700890850301",1980,"Illinois","Kane","17089",943,745,7518
"1329","G1700890850302",1980,"Illinois","Kane","17089",156,88,3761
"1330","G17008908504",1980,"Illinois","Kane","17089",31,13,2402
"1331","G17008908505",1980,"Illinois","Kane","17089",64,43,3708
"1332","G17008908506",1980,"Illinois","Kane","17089",48,37,3641
"1333","G17008908507",1980,"Illinois","Kane","17089",78,57,8406
"1334","G17008908508",1980,"Illinois","Kane","17089",291,180,5724
"1335","G17008908509",1980,"Illinois","Kane","17089",267,171,930
"1336","G17008908510",1980,"Illinois","Kane","17089",213,137,6051
"1337","G17008908511",1980,"Illinois","Kane","17089",560,407,6916
"1338","G17008908512",1980,"Illinois","Kane","17089",126,49,415
"1339","G17008908513",1980,"Illinois","Kane","17089",2464,1723,8586
"1340","G17008908514",1980,"Illinois","Kane","17089",969,716,5613
"1341","G17008908515",1980,"Illinois","Kane","17089",196,121,977
"1342","G17008908516",1980,"Illinois","Kane","17089",244,182,5453
"1343","G17008908517",1980,"Illinois","Kane","17089",19,1,703
"1344","G17008908518",1980,"Illinois","Kane","17089",281,213,8041
"1345","G1700890851901",1980,"Illinois","Kane","17089",259,206,8842
"1346","G1700890851902",1980,"Illinois","Kane","17089",89,70,3325
"1347","G17008908520",1980,"Illinois","Kane","17089",398,304,11977
"1348","G17008908521",1980,"Illinois","Kane","17089",46,24,4163
"1349","G17008908522",1980,"Illinois","Kane","17089",203,146,9306
"1350","G17008908523",1980,"Illinois","Kane","17089",90,71,1873
"1351","G17008908524",1980,"Illinois","Kane","17089",62,39,11000
"1352","G17008908525",1980,"Illinois","Kane","17089",93,75,4406
"1353","G17008908526",1980,"Illinois","Kane","17089",72,53,7965
"1354","G17008908527",1980,"Illinois","Kane","17089",182,158,5053
"1355","G1700890852801",1980,"Illinois","Kane","17089",76,51,3937
"1356","G1700890852802",1980,"Illinois","Kane","17089",278,233,7210
"1357","G1700890852901",1980,"Illinois","Kane","17089",323,245,4487
"1358","G1700890852902",1980,"Illinois","Kane","17089",465,381,7056
"1359","G1700890852903",1980,"Illinois","Kane","17089",320,242,3138
"1360","G1700890852904",1980,"Illinois","Kane","17089",748,571,2026
"1361","G1700890853001",1980,"Illinois","Kane","17089",42,17,1013
"1362","G1700890853002",1980,"Illinois","Kane","17089",583,402,8131
"1363","G1700890853003",1980,"Illinois","Kane","17089",248,134,7134
"1364","G17008908531",1980,"Illinois","Kane","17089",190,128,2463
"1365","G17008908532",1980,"Illinois","Kane","17089",818,682,5423
"1366","G17008908533",1980,"Illinois","Kane","17089",585,509,3076
"1367","G17008908534",1980,"Illinois","Kane","17089",3706,3004,6670
"1368","G17008908535",1980,"Illinois","Kane","17089",1331,971,4018
"1369","G17008908536",1980,"Illinois","Kane","17089",2794,2196,6531
"1370","G17008908537",1980,"Illinois","Kane","17089",63,48,360
"1371","G17008908538",1980,"Illinois","Kane","17089",544,456,1724
"1372","G17008908539",1980,"Illinois","Kane","17089",179,133,5970
"1373","G17008908540",1980,"Illinois","Kane","17089",562,486,9493
"1374","G17008908541",1980,"Illinois","Kane","17089",848,694,3678
"1375","G17008908542",1980,"Illinois","Kane","17089",410,324,3924
"1376","G17008908543",1980,"Illinois","Kane","17089",516,338,7090
"1377","G17008908544",1980,"Illinois","Kane","17089",899,742,5757
"1378","G17008908545",1980,"Illinois","Kane","17089",57,37,6709
"1379","G17009708601",1980,"Illinois","Lake","17097",134,85,7916
"1380","G17009708602",1980,"Illinois","Lake","17097",194,172,3950
"1381","G17009708603",1980,"Illinois","Lake","17097",243,152,6763
"1382","G17009708604",1980,"Illinois","Lake","17097",138,104,2419
"1383","G17009708605",1980,"Illinois","Lake","17097",190,106,6047
"1384","G17009708606",1980,"Illinois","Lake","17097",133,91,5304
"1385","G17009708607",1980,"Illinois","Lake","17097",27,12,3042
"1386","G1700970860801",1980,"Illinois","Lake","17097",70,34,9356
"1387","G1700970860802",1980,"Illinois","Lake","17097",104,65,5762
"1388","G1700970860901",1980,"Illinois","Lake","17097",94,47,8342
"1389","G1700970860902",1980,"Illinois","Lake","17097",63,49,4526
"1390","G1700970861001",1980,"Illinois","Lake","17097",60,39,6306
"1391","G1700970861002",1980,"Illinois","Lake","17097",130,85,9808
"1392","G17009708611",1980,"Illinois","Lake","17097",103,79,6348
"1393","G17009708612",1980,"Illinois","Lake","17097",455,351,6622
"1394","G17009708613",1980,"Illinois","Lake","17097",664,502,9326
"1395","G17009708614",1980,"Illinois","Lake","17097",399,317,7642
"1396","G1700970861501",1980,"Illinois","Lake","17097",134,88,4691
"1397","G1700970861502",1980,"Illinois","Lake","17097",212,133,6435
"1398","G17009708616",1980,"Illinois","Lake","17097",185,123,11465
"1399","G17009708617",1980,"Illinois","Lake","17097",185,93,5579
"1400","G1700970861801",1980,"Illinois","Lake","17097",354,185,5230
"1401","G1700970861802",1980,"Illinois","Lake","17097",322,147,5024
"1402","G17009708619",1980,"Illinois","Lake","17097",387,259,7703
"1403","G17009708620",1980,"Illinois","Lake","17097",514,317,6126
"1404","G17009708621",1980,"Illinois","Lake","17097",377,206,4512
"1405","G17009708622",1980,"Illinois","Lake","17097",760,479,4070
"1406","G17009708623",1980,"Illinois","Lake","17097",934,629,4490
"1407","G17009708624",1980,"Illinois","Lake","17097",1998,1326,6094
"1408","G17009708625",1980,"Illinois","Lake","17097",771,466,5343
"1409","G17009708626",1980,"Illinois","Lake","17097",994,528,11875
"1410","G17009708627",1980,"Illinois","Lake","17097",1843,1211,4234
"1411","G17009708628",1980,"Illinois","Lake","17097",73,39,2032
"1412","G17009708629",1980,"Illinois","Lake","17097",808,440,6159
"1413","G17009708630",1980,"Illinois","Lake","17097",884,308,24847
"1414","G17009708631",1980,"Illinois","Lake","17097",144,64,2664
"1415","G17009708632",1980,"Illinois","Lake","17097",120,57,6860
"1416","G17009708633",1980,"Illinois","Lake","17097",19,7,2669
"1417","G17009708634",1980,"Illinois","Lake","17097",64,14,4298
"1418","G17009708635",1980,"Illinois","Lake","17097",60,35,3794
"1419","G17009708636",1980,"Illinois","Lake","17097",73,43,5583
"1420","G17009708637",1980,"Illinois","Lake","17097",188,147,5679
"1421","G17009708638",1980,"Illinois","Lake","17097",102,74,4770
"1422","G17009708639",1980,"Illinois","Lake","17097",142,68,9614
"1423","G17009708640",1980,"Illinois","Lake","17097",1011,841,8425
"1424","G1700970864101",1980,"Illinois","Lake","17097",66,56,1414
"1425","G1700970864102",1980,"Illinois","Lake","17097",324,260,10820
"1426","G1700970864201",1980,"Illinois","Lake","17097",177,128,5440
"1427","G1700970864202",1980,"Illinois","Lake","17097",106,83,6268
"1428","G1700970864301",1980,"Illinois","Lake","17097",42,23,7260
"1429","G1700970864302",1980,"Illinois","Lake","17097",67,54,4566
"1430","G1700970864401",1980,"Illinois","Lake","17097",272,242,5146
"1431","G1700970864402",1980,"Illinois","Lake","17097",63,54,2734
"1432","G1700970864403",1980,"Illinois","Lake","17097",116,104,2970
"1433","G1700970864404",1980,"Illinois","Lake","17097",195,158,9119
"1434","G1700970864501",1980,"Illinois","Lake","17097",536,413,9947
"1435","G1700970864502",1980,"Illinois","Lake","17097",11,4,1737
"1436","G1700970864503",1980,"Illinois","Lake","17097",98,63,5524
"1437","G1700970864504",1980,"Illinois","Lake","17097",247,180,11053
"1438","G1700970864505",1980,"Illinois","Lake","17097",91,60,4024
"1439","G17009708646",1980,"Illinois","Lake","17097",24,11,4794
"1440","G17009708647",1980,"Illinois","Lake","17097",50,26,3827
"1441","G17009708648",1980,"Illinois","Lake","17097",111,47,7985
"1442","G1700970864901",1980,"Illinois","Lake","17097",64,44,4561
"1443","G1700970864902",1980,"Illinois","Lake","17097",97,30,6219
"1444","G17009708650",1980,"Illinois","Lake","17097",18,4,1771
"1445","G17009708651",1980,"Illinois","Lake","17097",65,25,2257
"1446","G17009708652",1980,"Illinois","Lake","17097",608,519,4154
"1447","G17009708653",1980,"Illinois","Lake","17097",39,5,2388
"1448","G17009708654",1980,"Illinois","Lake","17097",416,301,4290
"1449","G17009708655",1980,"Illinois","Lake","17097",104,72,3834
"1450","G17009708656",1980,"Illinois","Lake","17097",28,7,3931
"1451","G17009708657",1980,"Illinois","Lake","17097",121,59,6115
"1452","G17009708658",1980,"Illinois","Lake","17097",49,8,6480
"1453","G17011108701",1980,"Illinois","McHenry","17111",61,44,6387
"1454","G17011108702",1980,"Illinois","McHenry","17111",231,203,4582
"1455","G17011108703",1980,"Illinois","McHenry","17111",181,145,5884
"1456","G17011108704",1980,"Illinois","McHenry","17111",152,124,6965
"1457","G17011108705",1980,"Illinois","McHenry","17111",74,65,4965
"1458","G1701110870601",1980,"Illinois","McHenry","17111",101,79,7408
"1459","G1701110870602",1980,"Illinois","McHenry","17111",46,20,6875
"1460","G17011108707",1980,"Illinois","McHenry","17111",137,97,12363
"1461","G1701110870801",1980,"Illinois","McHenry","17111",145,95,8157
"1462","G1701110870802",1980,"Illinois","McHenry","17111",146,109,9945
"1463","G1701110870901",1980,"Illinois","McHenry","17111",258,222,8765
"1464","G1701110870902",1980,"Illinois","McHenry","17111",97,75,3434
"1465","G17011108710",1980,"Illinois","McHenry","17111",502,444,11043
"1466","G17011108711",1980,"Illinois","McHenry","17111",153,126,6837
"1467","G17011108712",1980,"Illinois","McHenry","17111",200,121,15847
"1468","G17011108713",1980,"Illinois","McHenry","17111",413,340,21025
"1469","G17011108714",1980,"Illinois","McHenry","17111",128,94,7415
"1470","G1701970880101",1980,"Illinois","Will","17197",769,426,19227
"1471","G1701970880102",1980,"Illinois","Will","17197",887,581,18069
"1472","G1701970880201",1980,"Illinois","Will","17197",588,419,9093
"1473","G1701970880202",1980,"Illinois","Will","17197",13,12,699
"1474","G17019708803",1980,"Illinois","Will","17197",37,18,4491
"1475","G1701970880401",1980,"Illinois","Will","17197",54,36,5348
"1476","G1701970880402",1980,"Illinois","Will","17197",213,172,9337
"1477","G17019708805",1980,"Illinois","Will","17197",906,616,11383
"1478","G17019708806",1980,"Illinois","Will","17197",120,94,6201
"1479","G17019708807",1980,"Illinois","Will","17197",207,184,6275
"1480","G17019708808",1980,"Illinois","Will","17197",163,42,2728
"1481","G17019708809",1980,"Illinois","Will","17197",244,203,8054
"1482","G17019708810",1980,"Illinois","Will","17197",178,129,13441
"1483","G1701970881101",1980,"Illinois","Will","17197",134,112,9646
"1484","G1701970881102",1980,"Illinois","Will","17197",88,78,6928
"1485","G17019708812",1980,"Illinois","Will","17197",118,83,4789
"1486","G17019708813",1980,"Illinois","Will","17197",2567,2382,6572
"1487","G17019708814",1980,"Illinois","Will","17197",92,86,5478
"1488","G17019708815",1980,"Illinois","Will","17197",35,26,3457
"1489","G17019708816",1980,"Illinois","Will","17197",183,140,6257
"1490","G17019708817",1980,"Illinois","Will","17197",42,21,4079
"1491","G17019708818",1980,"Illinois","Will","17197",85,66,3736
"1492","G17019708819",1980,"Illinois","Will","17197",166,142,2824
"1493","G17019708820",1980,"Illinois","Will","17197",667,625,4113
"1494","G17019708821",1980,"Illinois","Will","17197",955,859,2568
"1495","G17019708822",1980,"Illinois","Will","17197",578,531,5479
"1496","G17019708823",1980,"Illinois","Will","17197",182,178,4332
"1497","G17019708824",1980,"Illinois","Will","17197",542,505,3913
"1498","G17019708825",1980,"Illinois","Will","17197",242,217,3598
"1499","G17019708826",1980,"Illinois","Will","17197",173,149,5682
"1500","G17019708827",1980,"Illinois","Will","17197",133,111,5314
"1501","G17019708828",1980,"Illinois","Will","17197",162,130,5604
"1502","G17019708829",1980,"Illinois","Will","17197",265,247,2383
"1503","G17019708830",1980,"Illinois","Will","17197",95,83,2984
"1504","G17019708831",1980,"Illinois","Will","17197",97,89,6404
"1505","G1701970883201",1980,"Illinois","Will","17197",80,59,6579
"1506","G1701970883202",1980,"Illinois","Will","17197",246,168,11360
"1507","G17019708833",1980,"Illinois","Will","17197",148,103,11897
"1508","G17019708834",1980,"Illinois","Will","17197",27,14,5538
"1509","G17019708835",1980,"Illinois","Will","17197",271,173,21755
"1510","G1701970883601",1980,"Illinois","Will","17197",79,51,2937
"1511","G1701970883602",1980,"Illinois","Will","17197",150,104,8059
"1512","G17019708837",1980,"Illinois","Will","17197",229,213,3213
"1513","G1701970883801",1980,"Illinois","Will","17197",249,187,11718
"1514","G1701970883802",1980,"Illinois","Will","17197",193,174,5485
"1515","G17019708839",1980,"Illinois","Will","17197",53,38,7991
"1516","G17019708840",1980,"Illinois","Will","17197",73,51,7442
